,FIPS,Jan22 SNAP Households
0,01001,3545.0
1,01003,9474.0
2,01005,2848.0
3,01007,1706.0
4,01009,3004.0
5,01011,1297.0
6,01013,2486.0
7,01015,10048.0
8,01017,3443.0
9,01019,1851.0
10,01021,3512.0
11,01023,1606.0
12,01025,2856.0
13,01027,799.0
14,01029,1273.0
15,01031,3563.0
16,01033,3841.0
17,01035,1539.0
18,01037,966.0
19,01039,3520.0
20,01041,1579.0
21,01043,4374.0
22,01045,4719.0
23,01047,6973.0
24,01049,5824.0
25,01051,4485.0
26,01053,3736.0
27,01055,8241.0
28,01057,1710.0
29,01059,2346.0
30,01061,2350.0
31,01063,1324.0
32,01065,2044.0
33,01067,1575.0
34,01069,10035.0
35,01071,3358.0
36,01073,53743.0
37,01075,1249.0
38,01077,5413.0
39,01079,2655.0
40,01081,8189.0
41,01083,3502.0
42,01085,1844.0
43,01087,2426.0
44,01089,18300.0
45,01091,2597.0
46,01093,2613.0
47,01095,6328.0
48,01097,39903.0
49,01099,1905.0
50,01101,25483.0
51,01103,7621.0
52,01105,1885.0
53,01107,1811.0
54,01109,3354.0
55,01111,2295.0
56,01113,5492.0
57,01115,5202.0
58,01117,5819.0
59,01119,1808.0
60,01121,7066.0
61,01123,3692.0
62,01125,12177.0
63,01127,5117.0
64,01129,1538.0
65,01131,2209.0
66,01133,1582.0
67,02110,43481.0
68,04001,8657.0
69,04003,9996.0
70,04005,7031.0
71,04007,4361.0
72,04009,2291.0
73,04011,265.0
74,04013,192148.0
75,04015,16252.0
76,04017,10325.0
77,04019,64411.0
78,04021,20377.0
79,04023,4237.0
80,04025,9777.0
81,04027,15747.0
82,04029,1475.0
83,05001,1073.0
84,05003,1551.0
85,05005,1918.0
86,05007,5197.0
87,05009,1806.0
88,05011,908.0
89,05013,256.0
90,05015,852.0
91,05017,1254.0
92,05019,1147.0
93,05021,879.0
94,05023,1353.0
95,05025,442.0
96,05027,1728.0
97,05029,1272.0
98,05031,5678.0
99,05033,2772.0
100,05035,4009.0
101,05037,975.0
102,05039,466.0
103,05041,1218.0
104,05043,1298.0
105,05045,4262.0
106,05047,782.0
107,05049,848.0
108,05051,5750.0
109,05053,651.0
110,05055,2698.0
111,05057,1330.0
112,05059,1376.0
113,05061,791.0
114,05063,1519.0
115,05065,861.0
116,05067,1366.0
117,05069,6364.0
118,05071,1546.0
119,05073,482.0
120,05075,1132.0
121,05077,1109.0
122,05079,824.0
123,05081,752.0
124,05083,1205.0
125,05085,2406.0
126,05087,746.0
127,05089,966.0
128,05091,2765.0
129,05093,3841.0
130,05095,742.0
131,05097,487.0
132,05099,440.0
133,05101,454.0
134,05103,1799.0
135,05105,533.0
136,05107,2796.0
137,05109,624.0
138,05111,1998.0
139,05113,1256.0
140,05115,2151.0
141,05117,417.0
142,05119,22919.0
143,05121,1111.0
144,05123,2512.0
145,05125,2663.0
146,05127,810.0
147,05129,486.0
148,05131,7653.0
149,05133,958.0
150,05135,1219.0
151,05137,839.0
152,05139,2568.0
153,05141,893.0
154,05143,5776.0
155,05145,3898.0
156,05147,620.0
157,05149,962.0
158,05159,0.0
159,06001,90928.0
160,06003,63.0
161,06005,1771.0
162,06007,19748.0
163,06009,2982.0
164,06011,1095.0
165,06013,49262.0
166,06015,3385.0
167,06017,7422.0
168,06019,104302.0
169,06021,1829.0
170,06023,14790.0
171,06025,18713.0
172,06027,1194.0
173,06029,72076.0
174,06031,11798.0
175,06033,8187.0
176,06035,1894.0
177,06037,816595.0
178,06039,13077.0
179,06041,8511.0
180,06043,1538.0
181,06045,8221.0
182,06047,25937.0
183,06049,851.0
184,06051,392.0
185,06053,21231.0
186,06055,4321.0
187,06057,5395.0
188,06059,154442.0
189,06061,11776.0
190,06063,1396.0
191,06065,131527.0
192,06067,123005.0
193,06069,2856.0
194,06071,152210.0
195,06073,215190.0
196,06075,65816.0
197,06077,52395.0
198,06079,12849.0
199,06081,17923.0
200,06083,28538.0
201,06085,70026.0
202,06087,17923.0
203,06089,14682.0
204,06091,195.0
205,06093,4625.0
206,06095,28194.0
207,06097,20368.0
208,06099,37367.0
209,06101,6061.0
210,06103,5605.0
211,06105,1400.0
212,06107,52781.0
213,06109,3498.0
214,06111,36809.0
215,06113,14438.0
216,06115,8156.0
217,08003,2411.0
218,08007,777.0
219,08009,323.0
220,08011,522.0
221,08013,9494.0
222,08015,952.0
223,08017,85.0
224,08019,339.0
225,08021,821.0
226,08023,660.0
227,08025,527.0
228,08027,264.0
229,08029,2182.0
230,08031,42910.0
231,08033,135.0
232,08035,3549.0
233,08037,674.0
234,08039,406.0
235,08041,37703.0
236,08043,3943.0
237,08045,2098.0
238,08047,272.0
239,08049,243.0
240,08051,593.0
241,08053,11.0
242,08055,992.0
243,08057,58.0
244,08059,16989.0
245,08061,96.0
246,08063,416.0
247,08065,260.0
248,08067,2295.0
249,08069,13963.0
250,08071,1829.0
251,08073,349.0
252,08075,1447.0
253,08077,9792.0
254,08079,38.0
255,08081,750.0
256,08083,2284.0
257,08085,2738.0
258,08087,1566.0
259,08089,2269.0
260,08091,117.0
261,08093,737.0
262,08095,220.0
263,08097,193.0
264,08099,1340.0
265,08101,20986.0
266,08103,324.0
267,08105,1200.0
268,08107,341.0
269,08109,718.0
270,08111,24.0
271,08113,162.0
272,08115,207.0
273,08117,443.0
274,08119,1285.0
275,08121,265.0
276,08123,14107.0
277,08125,575.0
278,08127,25542.0
279,08129,27140.0
280,08131,1400.0
281,09000,215898.0
282,10001,15178.0
283,10002,34765.0
284,10003,8825.0
285,11001,90324.0
286,12001,17764.0
287,12003,1907.0
288,12005,11978.0
289,12007,2285.0
290,12009,33784.0
291,12011,130413.0
292,12013,1169.0
293,12015,7591.0
294,12017,10815.0
295,12019,9507.0
296,12021,9884.0
297,12023,6841.0
298,12025,360219.0
299,12027,2458.0
300,12029,1837.0
301,12031,79690.0
302,12033,25183.0
303,12035,5943.0
304,12037,763.0
305,12039,5414.0
306,12041,1402.0
307,12045,974.0
308,12047,1224.0
309,12049,2307.0
310,12051,4561.0
311,12053,14374.0
312,12055,9272.0
313,12057,106522.0
314,12059,1936.0
315,12061,7944.0
316,12063,4089.0
317,12065,976.0
318,12067,443.0
319,12069,21881.0
320,12071,41931.0
321,12073,19580.0
322,12075,3805.0
323,12077,616.0
324,12079,1512.0
325,12081,17582.0
326,12083,29045.0
327,12085,5570.0
328,12087,4100.0
329,12089,3557.0
330,12091,8361.0
331,12093,3772.0
332,12095,103500.0
333,12097,35659.0
334,12099,79983.0
335,12101,33600.0
336,12103,54935.0
337,12105,66547.0
338,12107,8397.0
339,12109,6569.0
340,12111,21633.0
341,12113,7116.0
342,12115,14125.0
343,12117,21519.0
344,12119,4532.0
345,12121,4074.0
346,12123,2413.0
347,12125,1007.0
348,12127,40778.0
349,12129,1651.0
350,12131,3054.0
351,12133,1621.0
352,13001,1847.0
353,13003,882.0
354,13005,1168.0
355,13007,466.0
356,13009,4175.0
357,13011,1099.0
358,13013,4761.0
359,13015,7080.0
360,13017,2172.0
361,13019,1846.0
362,13021,20885.0
363,13023,1117.0
364,13025,1933.0
365,13027,1889.0
366,13029,1807.0
367,13031,6602.0
368,13033,2961.0
369,13035,2097.0
370,13037,745.0
371,13039,2918.0
372,13043,1182.0
373,13045,9150.0
374,13047,3594.0
375,13049,980.0
376,13051,23025.0
377,13053,392.0
378,13055,2885.0
379,13057,6103.0
380,13059,8395.0
381,13061,527.0
382,13063,35757.0
383,13065,805.0
384,13067,31199.0
385,13069,4464.0
386,13071,5265.0
387,13073,4568.0
388,13075,1870.0
389,13077,6825.0
390,13079,1071.0
391,13081,3177.0
392,13083,898.0
393,13085,1026.0
394,13087,3666.0
395,13089,65120.0
396,13091,2379.0
397,13093,1240.0
398,13095,14758.0
399,13097,11171.0
400,13099,1671.0
401,13100,290.0
402,13103,2880.0
403,13105,2124.0
404,13107,3055.0
405,13109,1173.0
406,13111,1389.0
407,13113,3012.0
408,13115,8159.0
409,13117,3337.0
410,13119,1997.0
411,13121,88610.0
412,13123,1736.0
413,13125,240.0
414,13127,6613.0
415,13129,3780.0
416,13131,2581.0
417,13133,1314.0
418,13135,41480.0
419,13137,2495.0
420,13139,8947.0
421,13141,1002.0
422,13143,2791.0
423,13145,1339.0
424,13147,2091.0
425,13149,1078.0
426,13151,15687.0
427,13153,10474.0
428,13155,932.0
429,13157,3394.0
430,13159,1101.0
431,13161,1652.0
432,13163,1961.0
433,13165,1110.0
434,13167,1061.0
435,13169,1870.0
436,13171,1860.0
437,13173,1050.0
438,13175,6247.0
439,13177,1976.0
440,13179,4921.0
441,13181,647.0
442,13183,1315.0
443,13185,11268.0
444,13187,1569.0
445,13189,2513.0
446,13191,1202.0
447,13193,1504.0
448,13195,2065.0
449,13197,914.0
450,13199,2355.0
451,13201,707.0
452,13205,3038.0
453,13207,1761.0
454,13209,858.0
455,13211,1261.0
456,13213,3537.0
457,13215,22028.0
458,13217,10144.0
459,13219,763.0
460,13221,993.0
461,13223,7798.0
462,13225,2798.0
463,13227,1694.0
464,13229,1759.0
465,13231,1006.0
466,13233,4334.0
467,13235,931.0
468,13237,1705.0
469,13239,317.0
470,13241,858.0
471,13243,1158.0
472,13245,23224.0
473,13247,7739.0
474,13249,415.0
475,13251,1700.0
476,13253,1227.0
477,13255,8097.0
478,13257,2640.0
479,13259,677.0
480,13261,4594.0
481,13263,779.0
482,13265,194.0
483,13267,1992.0
484,13269,1034.0
485,13271,1530.0
486,13273,1550.0
487,13275,4801.0
488,13277,4521.0
489,13279,3296.0
490,13281,564.0
491,13283,855.0
492,13285,6754.0
493,13287,1236.0
494,13289,997.0
495,13291,1050.0
496,13293,3610.0
497,13295,4916.0
498,13297,5817.0
499,13299,4438.0
500,13301,743.0
501,13303,2232.0
502,13305,2933.0
503,13307,297.0
504,13309,597.0
505,13311,1457.0
506,13313,6569.0
507,13315,917.0
508,13317,1177.0
509,13319,1023.0
510,13321,2285.0
511,14000,13137.0
512,15001,22848.0
513,15003,55008.0
514,15007,4897.0
515,15009,10499.0
516,16000,60837.0
517,17001,8283.0
518,17003,0.0
519,17005,0.0
520,17011,3432.0
521,17012,1616.0
522,17015,0.0
523,17017,1628.0
524,17019,16561.0
525,17021,3118.0
526,17025,0.0
527,17027,0.0
528,17029,13862.0
529,17031,520859.0
530,17033,1992.0
531,17037,7025.0
532,17041,0.0
533,17043,37508.0
534,17045,0.0
535,17049,0.0
536,17051,0.0
537,17055,5559.0
538,17057,2908.0
539,17061,0.0
540,17065,0.0
541,17067,0.0
542,17073,3664.0
543,17075,0.0
544,17077,8057.0
545,17081,5740.0
546,17083,2891.0
547,17085,0.0
548,17089,39151.0
549,17091,13715.0
550,17093,0.0
551,17095,5318.0
552,17097,36546.0
553,17099,10915.0
554,17101,0.0
555,17105,0.0
556,17107,4334.0
557,17109,2378.0
558,17111,9871.0
559,17113,13523.0
560,17115,13580.0
561,17117,3595.0
562,17119,22496.0
563,17121,8070.0
564,17123,0.0
565,17125,1172.0
566,17127,2033.0
567,17135,2988.0
568,17137,4184.0
569,17139,0.0
570,17141,4967.0
571,17143,21778.0
572,17149,0.0
573,17151,0.0
574,17153,2026.0
575,17157,3041.0
576,17159,4010.0
577,17161,13121.0
578,17163,27934.0
579,17165,4845.0
580,17167,19388.0
581,17169,0.0
582,17173,0.0
583,17177,5316.0
584,17179,9460.0
585,17181,2569.0
586,17183,10274.0
587,17185,2770.0
588,17187,2585.0
589,17193,0.0
590,17195,5792.0
591,17197,35656.0
592,17199,7348.0
593,17201,37997.0
594,18001,807.0
595,18003,16179.0
596,18005,2588.0
597,18007,352.0
598,18009,674.0
599,18011,1013.0
600,18013,338.0
601,18015,532.0
602,18017,1732.0
603,18019,3991.0
604,18021,1156.0
605,18023,1206.0
606,18025,422.0
607,18027,1033.0
608,18029,1420.0
609,18031,909.0
610,18033,1208.0
611,18035,6736.0
612,18037,746.0
613,18039,5857.0
614,18041,1995.0
615,18043,2898.0
616,18045,603.0
617,18047,617.0
618,18049,754.0
619,18051,1059.0
620,18053,4684.0
621,18055,1451.0
622,18057,3519.0
623,18059,1601.0
624,18061,1120.0
625,18063,2619.0
626,18065,2522.0
627,18067,4979.0
628,18069,1246.0
629,18071,1630.0
630,18073,1135.0
631,18075,811.0
632,18077,1308.0
633,18079,977.0
634,18081,4118.0
635,18083,1936.0
636,18085,1878.0
637,18087,603.0
638,18089,29326.0
639,18091,5849.0
640,18093,1721.0
641,18095,8083.0
642,18097,64705.0
643,18099,1202.0
644,18101,486.0
645,18103,1700.0
646,18105,4009.0
647,18107,1447.0
648,18109,2442.0
649,18111,555.0
650,18113,1052.0
651,18115,158.0
652,18117,910.0
653,18119,921.0
654,18121,720.0
655,18123,719.0
656,18125,545.0
657,18127,4530.0
658,18129,851.0
659,18131,463.0
660,18133,1153.0
661,18135,1119.0
662,18137,843.0
663,18139,658.0
664,18141,12644.0
665,18143,1434.0
666,18145,1742.0
667,18147,583.0
668,18149,1220.0
669,18151,864.0
670,18153,937.0
671,18155,467.0
672,18157,6377.0
673,18159,356.0
674,18161,275.0
675,18163,9455.0
676,18165,747.0
677,18167,6608.0
678,18169,1057.0
679,18171,200.0
680,18173,1125.0
681,18175,989.0
682,18177,4501.0
683,18179,729.0
684,18181,747.0
685,18183,651.0
686,19001,254.0
687,19003,147.0
688,19005,414.0
689,19007,819.0
690,19009,218.0
691,19011,840.0
692,19013,7881.0
693,19015,796.0
694,19017,518.0
695,19019,664.0
696,19021,671.0
697,19023,418.0
698,19025,320.0
699,19027,664.0
700,19029,691.0
701,19031,413.0
702,19033,2185.0
703,19035,332.0
704,19037,277.0
705,19039,439.0
706,19041,659.0
707,19043,494.0
708,19045,3041.0
709,19047,574.0
710,19049,1354.0
711,19051,242.0
712,19053,420.0
713,19055,471.0
714,19057,2784.0
715,19059,503.0
716,19061,3933.0
717,19063,333.0
718,19065,1074.0
719,19067,771.0
720,19069,370.0
721,19071,322.0
722,19073,440.0
723,19075,238.0
724,19077,358.0
725,19079,475.0
726,19081,290.0
727,19083,711.0
728,19085,584.0
729,19087,964.0
730,19089,268.0
731,19091,319.0
732,19093,216.0
733,19095,425.0
734,19097,790.0
735,19099,1617.0
736,19101,949.0
737,19103,4679.0
738,19105,673.0
739,19107,481.0
740,19109,457.0
741,19111,2339.0
742,19113,10650.0
743,19115,370.0
744,19117,409.0
745,19119,187.0
746,19121,376.0
747,19123,1075.0
748,19125,990.0
749,19127,1815.0
750,19129,449.0
751,19131,253.0
752,19133,373.0
753,19135,307.0
754,19137,633.0
755,19139,2363.0
756,19141,411.0
757,19143,184.0
758,19145,748.0
759,19147,295.0
760,19149,520.0
761,19151,268.0
762,19153,26163.0
763,19155,5971.0
764,19157,581.0
765,19159,204.0
766,19161,271.0
767,19163,10791.0
768,19165,390.0
769,19167,481.0
770,19169,2099.0
771,19171,617.0
772,19173,277.0
773,19175,732.0
774,19177,307.0
775,19179,2645.0
776,19181,1088.0
777,19183,733.0
778,19185,271.0
779,19187,2311.0
780,19189,318.0
781,19191,385.0
782,19193,5819.0
783,19195,242.0
784,19197,507.0
785,20001,737.0
786,20003,236.0
787,20005,646.0
788,20007,105.0
789,20009,1107.0
790,20011,866.0
791,20013,421.0
792,20015,1954.0
793,20017,59.0
794,20019,194.0
795,20021,1136.0
796,20023,43.0
797,20025,43.0
798,20027,183.0
799,20029,307.0
800,20031,301.0
801,20033,37.0
802,20035,1978.0
803,20037,2236.0
804,20039,82.0
805,20041,522.0
806,20043,219.0
807,20045,2715.0
808,20047,85.0
809,20049,118.0
810,20051,608.0
811,20053,122.0
812,20055,1123.0
813,20057,890.0
814,20059,959.0
815,20061,1279.0
816,20063,22.0
817,20065,77.0
818,20067,150.0
819,20069,57.0
820,20071,19.0
821,20073,295.0
822,20075,47.0
823,20077,214.0
824,20079,1149.0
825,20081,57.0
826,20083,26.0
827,20085,337.0
828,20087,349.0
829,20089,74.0
830,20091,6271.0
831,20093,71.0
832,20095,162.0
833,20097,66.0
834,20099,1245.0
835,20101,42.0
836,20103,1646.0
837,20105,83.0
838,20107,426.0
839,20109,66.0
840,20111,1149.0
841,20113,590.0
842,20115,275.0
843,20117,240.0
844,20119,81.0
845,20121,813.0
846,20123,138.0
847,20125,2000.0
848,20127,145.0
849,20129,62.0
850,20131,150.0
851,20133,853.0
852,20135,42.0
853,20137,151.0
854,20139,583.0
855,20141,110.0
856,20143,128.0
857,20145,205.0
858,20147,106.0
859,20149,356.0
860,20151,196.0
861,20153,44.0
862,20155,2620.0
863,20157,115.0
864,20159,281.0
865,20161,1277.0
866,20163,108.0
867,20165,101.0
868,20167,246.0
869,20169,2309.0
870,20171,91.0
871,20173,25943.0
872,20175,655.0
873,20177,9322.0
874,20179,27.0
875,20181,209.0
876,20183,90.0
877,20185,110.0
878,20187,25.0
879,20189,69.0
880,20191,903.0
881,20193,127.0
882,20195,49.0
883,20197,115.0
884,20199,27.0
885,20201,88.0
886,20203,53.0
887,20205,425.0
888,20207,111.0
889,20209,9168.0
890,21001,1424.0
891,21003,1036.0
892,21005,689.0
893,21007,361.0
894,21009,2617.0
895,21011,1034.0
896,21013,3512.0
897,21015,2371.0
898,21017,1215.0
899,21019,3089.0
900,21021,1458.0
901,21023,465.0
902,21025,1938.0
903,21027,1159.0
904,21029,2329.0
905,21031,803.0
906,21033,679.0
907,21035,1245.0
908,21037,2478.0
909,21039,226.0
910,21041,602.0
911,21043,2048.0
912,21045,1218.0
913,21047,3829.0
914,21049,2161.0
915,21051,3010.0
916,21053,1022.0
917,21055,379.0
918,21057,644.0
919,21059,4532.0
920,21061,666.0
921,21063,600.0
922,21065,1440.0
923,21067,11879.0
924,21069,961.0
925,21071,4218.0
926,21073,2244.0
927,21075,678.0
928,21077,288.0
929,21079,913.0
930,21081,1132.0
931,21083,2031.0
932,21085,1733.0
933,21087,666.0
934,21089,1828.0
935,21091,349.0
936,21093,4062.0
937,21095,3734.0
938,21097,919.0
939,21099,1273.0
940,21101,2273.0
941,21103,625.0
942,21105,287.0
943,21107,2735.0
944,21109,1587.0
945,21111,37162.0
946,21113,2196.0
947,21115,2186.0
948,21117,5608.0
949,21119,1871.0
950,21121,4094.0
951,21123,756.0
952,21125,4775.0
953,21127,1582.0
954,21129,899.0
955,21131,1226.0
956,21133,2468.0
957,21135,1115.0
958,21137,1672.0
959,21139,391.0
960,21141,1463.0
961,21143,272.0
962,21145,3562.0
963,21147,1920.0
964,21149,404.0
965,21151,4376.0
966,21153,1638.0
967,21155,1164.0
968,21157,1243.0
969,21159,1267.0
970,21161,1211.0
971,21163,1027.0
972,21165,601.0
973,21167,957.0
974,21169,782.0
975,21171,769.0
976,21173,1851.0
977,21175,1017.0
978,21177,1818.0
979,21179,1735.0
980,21181,476.0
981,21183,1304.0
982,21185,566.0
983,21187,537.0
984,21189,776.0
985,21191,635.0
986,21193,3307.0
987,21195,5732.0
988,21197,1147.0
989,21199,4569.0
990,21201,135.0
991,21203,1563.0
992,21205,1679.0
993,21207,1491.0
994,21209,1633.0
995,21211,1180.0
996,21213,843.0
997,21215,410.0
998,21217,1828.0
999,21219,586.0
1000,21221,583.0
1001,21223,276.0
1002,21225,644.0
1003,21227,6248.0
1004,21229,1124.0
1005,21231,2063.0
1006,21233,644.0
1007,21235,3646.0
1008,21237,939.0
1009,21239,755.0
1010,22001,6697.0
1011,22003,2002.0
1012,22005,6122.0
1013,22007,2028.0
1014,22009,5062.0
1015,22011,2355.0
1016,22013,1555.0
1017,22015,7946.0
1018,22017,26485.0
1019,22019,13460.0
1020,22021,1059.0
1021,22023,241.0
1022,22025,1189.0
1023,22027,1707.0
1024,22029,2632.0
1025,22031,2629.0
1026,22033,38827.0
1027,22035,1067.0
1028,22037,1466.0
1029,22039,4243.0
1030,22041,2696.0
1031,22043,1785.0
1032,22045,8227.0
1033,22047,3432.0
1034,22049,1401.0
1035,22051,33615.0
1036,22053,2704.0
1037,22055,18453.0
1038,22057,7281.0
1039,22059,1046.0
1040,22061,3928.0
1041,22063,8770.0
1042,22065,1636.0
1043,22067,3781.0
1044,22069,4240.0
1045,22071,44926.0
1046,22073,17040.0
1047,22075,1334.0
1048,22077,2029.0
1049,22079,12933.0
1050,22081,1010.0
1051,22083,2361.0
1052,22085,2197.0
1053,22087,4641.0
1054,22089,2857.0
1055,22091,1589.0
1056,22093,1775.0
1057,22095,4388.0
1058,22097,11271.0
1059,22099,5257.0
1060,22101,5670.0
1061,22103,12171.0
1062,22105,13105.0
1063,22107,678.0
1064,22109,10074.0
1065,22111,2019.0
1066,22113,5325.0
1067,22115,2927.0
1068,22117,5914.0
1069,22119,4019.0
1070,22121,2016.0
1071,22123,1164.0
1072,22125,639.0
1073,22127,1386.0
1074,23000,91249.0
1075,24001,9028.0
1076,24003,35629.0
1077,24005,71869.0
1078,24009,4729.0
1079,24011,3534.0
1080,24013,5931.0
1081,24015,8459.0
1082,24017,11744.0
1083,24019,5232.0
1084,24021,10895.0
1085,24023,2365.0
1086,24025,14063.0
1087,24027,12687.0
1088,24029,1965.0
1089,24031,42150.0
1090,24033,85463.0
1091,24035,2064.0
1092,24037,7201.0
1093,24039,3399.0
1094,24041,2870.0
1095,24043,14835.0
1096,24045,12348.0
1097,24047,4459.0
1098,24510,125590.0
1099,25000,605489.0
1100,26001,739.0
1101,26003,421.0
1102,26005,4977.0
1103,26007,2350.0
1104,26009,1076.0
1105,26011,1175.0
1106,26013,530.0
1107,26015,2545.0
1108,26017,7922.0
1109,26019,723.0
1110,26021,11165.0
1111,26023,2448.0
1112,26025,11957.0
1113,26027,3082.0
1114,26029,966.0
1115,26031,1687.0
1116,26033,2053.0
1117,26035,3404.0
1118,26037,2419.0
1119,26039,1117.0
1120,26041,2297.0
1121,26043,1385.0
1122,26045,5273.0
1123,26047,1147.0
1124,26049,42225.0
1125,26051,2012.0
1126,26053,1318.0
1127,26055,3471.0
1128,26057,2492.0
1129,26059,2902.0
1130,26061,1742.0
1131,26063,1833.0
1132,26065,20999.0
1133,26067,3461.0
1134,26069,2435.0
1135,26071,865.0
1136,26073,4071.0
1137,26075,10350.0
1138,26077,17053.0
1139,26079,1170.0
1140,26081,36062.0
1141,26083,89.0
1142,26085,1496.0
1143,26087,3917.0
1144,26089,388.0
1145,26091,5260.0
1146,26093,4194.0
1147,26095,451.0
1148,26097,501.0
1149,26099,53831.0
1150,26101,1694.0
1151,26103,3229.0
1152,26105,2049.0
1153,26107,2681.0
1154,26109,1269.0
1155,26111,4448.0
1156,26113,929.0
1157,26115,7771.0
1158,26117,4235.0
1159,26119,774.0
1160,26121,17301.0
1161,26123,3893.0
1162,26125,51353.0
1163,26127,2073.0
1164,26129,2071.0
1165,26131,380.0
1166,26133,1582.0
1167,26135,792.0
1168,26137,1616.0
1169,26139,8048.0
1170,26141,829.0
1171,26143,2297.0
1172,26145,19078.0
1173,26147,10769.0
1174,26149,3786.0
1175,26151,2736.0
1176,26153,562.0
1177,26155,4056.0
1178,26157,3591.0
1179,26159,5462.0
1180,26161,14496.0
1181,26163,214779.0
1182,26165,2748.0
1183,27001,687.0
1184,27003,9833.0
1185,27005,1069.0
1186,27007,1980.0
1187,27009,1920.0
1188,27011,215.0
1189,27013,2700.0
1190,27015,741.0
1191,27017,1416.0
1192,27019,1364.0
1193,27021,2075.0
1194,27023,503.0
1195,27025,1159.0
1196,27027,3427.0
1197,27029,381.0
1198,27031,141.0
1199,27033,539.0
1200,27035,2358.0
1201,27037,10251.0
1202,27041,1217.0
1203,27043,641.0
1204,27045,597.0
1205,27047,1646.0
1206,27049,1311.0
1207,27051,0.0
1208,27053,60913.0
1209,27055,471.0
1210,27057,991.0
1211,27059,1224.0
1212,27061,2345.0
1213,27063,309.0
1214,27065,835.0
1215,27067,2001.0
1216,27069,148.0
1217,27071,714.0
1218,27073,223.0
1219,27075,331.0
1220,27077,148.0
1221,27079,606.0
1222,27081,162.0
1223,27083,1122.0
1224,27085,897.0
1225,27087,160.0
1226,27089,271.0
1227,27091,954.0
1228,27093,741.0
1229,27095,1176.0
1230,27097,1180.0
1231,27099,2002.0
1232,27101,247.0
1233,27103,923.0
1234,27105,797.0
1235,27107,295.0
1236,27109,6125.0
1237,27111,1872.0
1238,27113,571.0
1239,27115,1478.0
1240,27117,325.0
1241,27119,1712.0
1242,27121,582.0
1243,27123,32981.0
1244,27125,143.0
1245,27127,491.0
1246,27129,556.0
1247,27131,1644.0
1248,27133,303.0
1249,27135,427.0
1250,27137,11104.0
1251,27139,2426.0
1252,27141,2000.0
1253,27143,428.0
1254,27145,6071.0
1255,27147,2664.0
1256,27149,310.0
1257,27151,429.0
1258,27153,882.0
1259,27155,218.0
1260,27157,534.0
1261,27159,786.0
1262,27163,4767.0
1263,27165,310.0
1264,27167,335.0
1265,27169,1685.0
1266,27171,2394.0
1267,27173,308.0
1268,27175,31.0
1269,27177,1189.0
1270,27179,1601.0
1271,28001,2616.0
1272,28003,2123.0
1273,28005,1045.0
1274,28007,1518.0
1275,28009,885.0
1276,28011,4111.0
1277,28013,870.0
1278,28015,613.0
1279,28017,1128.0
1280,28019,492.0
1281,28021,1389.0
1282,28023,1269.0
1283,28025,1810.0
1284,28027,3904.0
1285,28029,3149.0
1286,28031,1611.0
1287,28033,5568.0
1288,28035,4941.0
1289,28037,577.0
1290,28039,1385.0
1291,28041,699.0
1292,28043,1678.0
1293,28045,2731.0
1294,28047,16018.0
1295,28049,20489.0
1296,28051,2611.0
1297,28053,1654.0
1298,28055,127.0
1299,28057,890.0
1300,28059,7814.0
1301,28061,1415.0
1302,28063,1000.0
1303,28065,983.0
1304,28067,3647.0
1305,28069,879.0
1306,28071,1728.0
1307,28073,1931.0
1308,28075,6314.0
1309,28077,1008.0
1310,28079,1338.0
1311,28081,3915.0
1312,28083,4017.0
1313,28085,2367.0
1314,28087,5168.0
1315,28089,3964.0
1316,28091,1642.0
1317,28093,2168.0
1318,28095,1823.0
1319,28097,925.0
1320,28099,2554.0
1321,28101,1120.0
1322,28103,1814.0
1323,28105,2655.0
1324,28107,2679.0
1325,28109,3889.0
1326,28111,836.0
1327,28113,3774.0
1328,28115,1208.0
1329,28117,1283.0
1330,28119,800.0
1331,28121,4354.0
1332,28123,1634.0
1333,28125,694.0
1334,28127,1720.0
1335,28129,619.0
1336,28131,1252.0
1337,28133,3695.0
1338,28135,1035.0
1339,28137,1595.0
1340,28139,977.0
1341,28141,812.0
1342,28143,1482.0
1343,28145,1176.0
1344,28147,982.0
1345,28149,4402.0
1346,28151,6974.0
1347,28153,2215.0
1348,28155,794.0
1349,28157,964.0
1350,28159,1498.0
1351,28161,1069.0
1352,28163,3234.0
1353,29925,314701.0
1354,30201,45089.0
1355,31000,74638.0
1356,32001,1735.0
1357,32003,188551.0
1358,32005,1198.0
1359,32007,2241.0
1360,32009,35.0
1361,32011,63.0
1362,32013,789.0
1363,32015,198.0
1364,32017,254.0
1365,32019,2958.0
1366,32021,440.0
1367,32023,5264.0
1368,32027,261.0
1369,32029,59.0
1370,32031,24394.0
1371,32033,545.0
1372,32510,3548.0
1373,33000,35983.0
1374,34001,23157.0
1375,34003,23899.0
1376,34005,12464.0
1377,34007,40828.0
1378,34009,4415.0
1379,34011,14116.0
1380,34013,79982.0
1381,34015,9933.0
1382,34017,66511.0
1383,34019,2021.0
1384,34021,19943.0
1385,34023,30947.0
1386,34025,18458.0
1387,34027,9066.0
1388,34029,20686.0
1389,34031,47270.0
1390,34033,4175.0
1391,34035,6380.0
1392,34037,2200.0
1393,34039,27923.0
1394,34041,4147.0
1395,35001,95807.0
1396,35003,0.0
1397,35005,12153.0
1398,35006,4284.0
1399,35007,2006.0
1400,35009,9596.0
1401,35011,0.0
1402,35013,35034.0
1403,35015,7005.0
1404,35017,5082.0
1405,35019,0.0
1406,35021,0.0
1407,35023,2.0
1408,35025,9218.0
1409,35027,2450.0
1410,35028,0.0
1411,35029,5831.0
1412,35031,13370.0
1413,35033,0.0
1414,35034,0.0
1415,35035,7273.0
1416,35037,2385.0
1417,35039,8231.0
1418,35041,0.0
1419,35043,12076.0
1420,35045,18418.0
1421,35047,6207.0
1422,35049,11368.0
1423,35051,3115.0
1424,35053,3235.0
1425,35055,5354.0
1426,35057,1583.0
1427,35059,0.0
1428,35061,10442.0
1429,35063,0.0
1430,36000,1626534.0
1431,37001,14759.0
1432,37003,2445.0
1433,37005,854.0
1434,37007,3883.0
1435,37009,2243.0
1436,37011,1107.0
1437,37013,5401.0
1438,37015,2884.0
1439,37017,4555.0
1440,37019,8782.0
1441,37021,20364.0
1442,37023,7315.0
1443,37025,13263.0
1444,37027,7948.0
1445,37029,495.0
1446,37031,4307.0
1447,37033,2476.0
1448,37035,12930.0
1449,37037,2965.0
1450,37039,2694.0
1451,37041,1631.0
1452,37043,892.0
1453,37045,12973.0
1454,37047,6853.0
1455,37049,7827.0
1456,37051,42653.0
1457,37053,1090.0
1458,37055,1682.0
1459,37057,14770.0
1460,37059,2597.0
1461,37061,4792.0
1462,37063,24898.0
1463,37065,8771.0
1464,37067,34839.0
1465,37069,5251.0
1466,37071,22012.0
1467,37073,951.0
1468,37075,843.0
1469,37077,4473.0
1470,37079,2281.0
1471,37081,56353.0
1472,37083,9056.0
1473,37085,10719.0
1474,37087,5136.0
1475,37089,6307.0
1476,37091,3581.0
1477,37093,5570.0
1478,37095,560.0
1479,37097,8140.0
1480,37099,2740.0
1481,37101,15177.0
1482,37103,1133.0
1483,37105,5062.0
1484,37107,8179.0
1485,37109,5918.0
1486,37111,5001.0
1487,37113,2508.0
1488,37115,1906.0
1489,37117,2942.0
1490,37119,86662.0
1491,37121,1394.0
1492,37123,2238.0
1493,37125,5662.0
1494,37127,10171.0
1495,37129,16919.0
1496,37131,2938.0
1497,37133,11762.0
1498,37135,6729.0
1499,37137,1058.0
1500,37139,4280.0
1501,37141,4237.0
1502,37143,1310.0
1503,37145,3922.0
1504,37147,20963.0
1505,37149,1154.0
1506,37151,12230.0
1507,37153,8024.0
1508,37155,23577.0
1509,37157,9593.0
1510,37159,12388.0
1511,37161,7359.0
1512,37163,6721.0
1513,37165,5916.0
1514,37167,5221.0
1515,37169,3449.0
1516,37171,6773.0
1517,37173,1278.0
1518,37175,2105.0
1519,37177,431.0
1520,37179,10330.0
1521,37181,7623.0
1522,37183,52435.0
1523,37185,2527.0
1524,37187,1788.0
1525,37189,1624.0
1526,37191,13459.0
1527,37193,6591.0
1528,37195,9595.0
1529,37197,2570.0
1530,37199,1748.0
1531,38001,79.0
1532,38003,354.0
1533,38005,593.0
1534,38009,254.0
1535,38011,105.0
1536,38013,30.0
1537,38015,2391.0
1538,38017,5123.0
1539,38019,70.0
1540,38021,121.0
1541,38023,42.0
1542,38025,80.0
1543,38027,84.0
1544,38029,105.0
1545,38031,105.0
1546,38033,62.0
1547,38035,2335.0
1548,38037,74.0
1549,38039,72.0
1550,38041,70.0
1551,38043,58.0
1552,38045,59.0
1553,38047,37.0
1554,38049,187.0
1555,38051,83.0
1556,38053,195.0
1557,38055,194.0
1558,38057,129.0
1559,38059,1016.0
1560,38061,167.0
1561,38063,88.0
1562,38065,32.0
1563,38067,163.0
1564,38069,127.0
1565,38071,548.0
1566,38073,128.0
1567,38075,37.0
1568,38077,489.0
1569,38079,1796.0
1570,38081,84.0
1571,38083,45.0
1572,38085,428.0
1573,38089,1046.0
1574,38091,41.0
1575,38093,800.0
1576,38095,61.0
1577,38097,192.0
1578,38099,336.0
1579,38101,2365.0
1580,38103,161.0
1581,38105,670.0
1582,39001,2610.0
1583,39003,6407.0
1584,39005,1997.0
1585,39007,9197.0
1586,39009,5002.0
1587,39011,1345.0
1588,39013,4306.0
1589,39015,2944.0
1590,39017,18766.0
1591,39019,1386.0
1592,39021,1909.0
1593,39023,11168.0
1594,39025,6839.0
1595,39027,2736.0
1596,39029,7513.0
1597,39031,2921.0
1598,39033,3260.0
1599,39035,117414.0
1600,39037,1915.0
1601,39039,1812.0
1602,39041,3075.0
1603,39043,4911.0
1604,39045,7500.0
1605,39047,2165.0
1606,39049,74989.0
1607,39051,1372.0
1608,39053,3174.0
1609,39055,1468.0
1610,39057,6370.0
1611,39059,3175.0
1612,39061,54394.0
1613,39063,2821.0
1614,39065,1686.0
1615,39067,1127.0
1616,39069,783.0
1617,39071,3252.0
1618,39073,0.0
1619,39075,546.0
1620,39077,3504.0
1621,39079,3292.0
1622,39081,6485.0
1623,39083,2833.0
1624,39085,9289.0
1625,39087,7040.0
1626,39089,9046.0
1627,39091,2410.0
1628,39093,17827.0
1629,39095,35027.0
1630,39097,1965.0
1631,39099,24088.0
1632,39101,5304.0
1633,39103,4975.0
1634,39105,2427.0
1635,39107,946.0
1636,39109,4393.0
1637,39111,882.0
1638,39113,40797.0
1639,39115,1195.0
1640,39117,1557.0
1641,39119,8335.0
1642,39121,747.0
1643,39123,1800.0
1644,39125,937.0
1645,39127,3153.0
1646,39129,3394.0
1647,39131,3463.0
1648,39133,7815.0
1649,39135,1886.0
1650,39137,823.0
1651,39139,10040.0
1652,39141,11348.0
1653,39143,2790.0
1654,39145,10481.0
1655,39147,3138.0
1656,39149,1772.0
1657,39151,25366.0
1658,39153,42478.0
1659,39155,16234.0
1660,39157,5321.0
1661,39159,1308.0
1662,39161,1134.0
1663,39163,0.0
1664,39165,4558.0
1665,39167,4124.0
1666,39169,5000.0
1667,39171,1726.0
1668,39173,3541.0
1669,39175,934.0
1670,40001,2444.0
1671,40003,238.0
1672,40005,1084.0
1673,40007,141.0
1674,40009,1770.0
1675,40011,708.0
1676,40013,3236.0
1677,40015,2443.0
1678,40017,5292.0
1679,40019,4280.0
1680,40021,3703.0
1681,40023,1992.0
1682,40025,91.0
1683,40027,12929.0
1684,40029,459.0
1685,40031,9503.0
1686,40033,461.0
1687,40035,1138.0
1688,40037,5504.0
1689,40039,1756.0
1690,40041,2601.0
1691,40043,206.0
1692,40045,186.0
1693,40047,4333.0
1694,40049,2304.0
1695,40051,3148.0
1696,40053,208.0
1697,40055,508.0
1698,40057,281.0
1699,40059,122.0
1700,40061,1302.0
1701,40063,1241.0
1702,40065,1893.0
1703,40067,622.0
1704,40069,1036.0
1705,40071,4032.0
1706,40073,579.0
1707,40075,1031.0
1708,40077,1065.0
1709,40079,4892.0
1710,40081,2511.0
1711,40083,2105.0
1712,40085,678.0
1713,40087,2174.0
1714,40089,3780.0
1715,40091,2196.0
1716,40093,295.0
1717,40095,1183.0
1718,40097,3179.0
1719,40099,893.0
1720,40101,7943.0
1721,40103,629.0
1722,40105,760.0
1723,40107,1109.0
1724,40109,72398.0
1725,40111,3981.0
1726,40113,1420.0
1727,40115,3176.0
1728,40117,1247.0
1729,40119,4346.0
1730,40121,3893.0
1731,40123,3313.0
1732,40125,6791.0
1733,40127,1069.0
1734,40129,156.0
1735,40131,3952.0
1736,40133,2840.0
1737,40135,4262.0
1738,40137,3587.0
1739,40139,721.0
1740,40141,734.0
1741,40143,48811.0
1742,40145,3514.0
1743,40147,4245.0
1744,40149,823.0
1745,40151,361.0
1746,40153,1142.0
1747,41000,407073.0
1748,42001,3650.0
1749,42003,91042.0
1750,42005,5595.0
1751,42007,13062.0
1752,42009,3374.0
1753,42011,29590.0
1754,42013,11334.0
1755,42015,4054.0
1756,42017,21602.0
1757,42019,8348.0
1758,42021,12916.0
1759,42023,512.0
1760,42025,4195.0
1761,42027,4396.0
1762,42029,14223.0
1763,42031,2789.0
1764,42033,6755.0
1765,42035,2841.0
1766,42037,4427.0
1767,42039,6916.0
1768,42041,10700.0
1769,42043,25409.0
1770,42045,38314.0
1771,42047,1952.0
1772,42049,27416.0
1773,42051,16260.0
1774,42053,407.0
1775,42055,8473.0
1776,42057,963.0
1777,42059,3609.0
1778,42061,2766.0
1779,42063,6087.0
1780,42065,3211.0
1781,42067,1216.0
1782,42069,20881.0
1783,42071,26509.0
1784,42073,8887.0
1785,42075,8189.0
1786,42077,27379.0
1787,42079,32482.0
1788,42081,8940.0
1789,42083,3751.0
1790,42085,10158.0
1791,42087,3774.0
1792,42089,11237.0
1793,42091,30537.0
1794,42093,909.0
1795,42095,16633.0
1796,42097,8180.0
1797,42099,2222.0
1798,42101,266602.0
1799,42103,3080.0
1800,42105,1134.0
1801,42107,11986.0
1802,42109,1621.0
1803,42111,5561.0
1804,42113,320.0
1805,42115,2294.0
1806,42117,2889.0
1807,42119,1622.0
1808,42121,4739.0
1809,42123,2932.0
1810,42125,15151.0
1811,42127,3124.0
1812,42129,24333.0
1813,42131,1894.0
1814,42133,26108.0
1815,44935,84960.0
1816,45001,1780.0
1817,45003,10510.0
1818,45005,1222.0
1819,45007,11940.0
1820,45009,1753.0
1821,45011,2523.0
1822,45013,5257.0
1823,45015,9454.0
1824,45017,1208.0
1825,45019,16930.0
1826,45021,4326.0
1827,45023,3177.0
1828,45025,4067.0
1829,45027,3576.0
1830,45029,3960.0
1831,45031,6549.0
1832,45033,3821.0
1833,45035,6872.0
1834,45037,1824.0
1835,45039,2342.0
1836,45041,11872.0
1837,45043,4277.0
1838,45045,21665.0
1839,45047,5184.0
1840,45049,2051.0
1841,45051,18029.0
1842,45053,2170.0
1843,45055,4386.0
1844,45057,5098.0
1845,45059,4886.0
1846,45061,2186.0
1847,45063,13764.0
1848,45065,724.0
1849,45067,4055.0
1850,45069,3111.0
1851,45071,2658.0
1852,45073,3895.0
1853,45075,9360.0
1854,45077,5095.0
1855,45079,24656.0
1856,45081,1334.0
1857,45083,17515.0
1858,45085,9456.0
1859,45087,2660.0
1860,45089,4291.0
1861,45091,10422.0
1862,46003,39.0
1863,46005,995.0
1864,46007,339.0
1865,46009,149.0
1866,46011,671.0
1867,46013,1370.0
1868,46015,464.0
1869,46019,495.0
1870,46021,22.0
1871,46023,630.0
1872,46025,45.0
1873,46027,499.0
1874,46029,922.0
1875,46031,553.0
1876,46033,182.0
1877,46035,852.0
1878,46037,179.0
1879,46039,76.0
1880,46041,773.0
1881,46043,45.0
1882,46045,56.0
1883,46047,311.0
1884,46049,28.0
1885,46051,178.0
1886,46053,131.0
1887,46055,32.0
1888,46057,57.0
1889,46059,44.0
1890,46061,30.0
1891,46063,16.0
1892,46065,645.0
1893,46067,157.0
1894,46069,26.0
1895,46071,262.0
1896,46073,27.0
1897,46075,14.0
1898,46077,92.0
1899,46079,270.0
1900,46081,861.0
1901,46083,543.0
1902,46085,231.0
1903,46087,103.0
1904,46089,41.0
1905,46091,72.0
1906,46093,526.0
1907,46095,230.0
1908,46097,56.0
1909,46099,7375.0
1910,46101,122.0
1911,46103,4767.0
1912,46105,69.0
1913,46107,30.0
1914,46109,579.0
1915,46111,36.0
1916,46113,2355.0
1917,46115,131.0
1918,46117,53.0
1919,46119,9.0
1920,46121,1785.0
1921,46123,262.0
1922,46125,209.0
1923,46127,266.0
1924,46129,238.0
1925,46135,939.0
1926,46137,385.0
1927,47001,5159.0
1928,47003,3376.0
1929,47005,1377.0
1930,47007,1255.0
1931,47009,5630.0
1932,47011,6656.0
1933,47013,4523.0
1934,47015,975.0
1935,47017,2099.0
1936,47019,3939.0
1937,47021,1559.0
1938,47023,1084.0
1939,47025,2744.0
1940,47027,752.0
1941,47029,4120.0
1942,47031,3924.0
1943,47033,1035.0
1944,47035,3698.0
1945,47037,36490.0
1946,47039,890.0
1947,47041,1438.0
1948,47043,2898.0
1949,47045,3442.0
1950,47047,2419.0
1951,47049,2044.0
1952,47051,2261.0
1953,47053,3710.0
1954,47055,1954.0
1955,47057,1654.0
1956,47059,4327.0
1957,47061,1653.0
1958,47063,4261.0
1959,47065,21547.0
1960,47067,1036.0
1961,47069,2377.0
1962,47071,2412.0
1963,47073,4206.0
1964,47075,2118.0
1965,47077,2153.0
1966,47079,2580.0
1967,47081,1739.0
1968,47083,588.0
1969,47085,1088.0
1970,47087,1018.0
1971,47089,3204.0
1972,47091,1590.0
1973,47093,23461.0
1974,47095,900.0
1975,47097,2733.0
1976,47099,2800.0
1977,47101,920.0
1978,47103,2125.0
1979,47105,2045.0
1980,47107,3884.0
1981,47109,2067.0
1982,47111,2099.0
1983,47113,7670.0
1984,47115,2264.0
1985,47117,1769.0
1986,47119,4683.0
1987,47121,1159.0
1988,47123,3341.0
1989,47125,10271.0
1990,47127,213.0
1991,47129,1560.0
1992,47131,2423.0
1993,47133,1469.0
1994,47135,656.0
1995,47137,414.0
1996,47139,1232.0
1997,47141,4764.0
1998,47143,2781.0
1999,47145,3396.0
2000,47147,3197.0
2001,47149,11039.0
2002,47151,2760.0
2003,47153,1380.0
2004,47155,4345.0
2005,47157,88727.0
2006,47159,1110.0
2007,47161,732.0
2008,47163,10462.0
2009,47165,6608.0
2010,47167,3862.0
2011,47169,580.0
2012,47171,1298.0
2013,47173,1656.0
2014,47175,427.0
2015,47177,3384.0
2016,47179,7381.0
2017,47181,1088.0
2018,47183,2171.0
2019,47185,2020.0
2020,47187,1796.0
2021,47189,4288.0
2022,48001,3335.0
2023,48003,765.0
2024,48005,6302.0
2025,48007,1748.0
2026,48009,283.0
2027,48011,48.0
2028,48013,3752.0
2029,48015,1236.0
2030,48017,348.0
2031,48019,964.0
2032,48021,4645.0
2033,48023,265.0
2034,48025,2374.0
2035,48027,21958.0
2036,48029,123810.0
2037,48031,257.0
2038,48033,21.0
2039,48035,867.0
2040,48037,6892.0
2041,48039,15235.0
2042,48041,8977.0
2043,48043,412.0
2044,48045,56.0
2045,48047,1143.0
2046,48049,2381.0
2047,48051,1133.0
2048,48053,1648.0
2049,48055,2506.0
2050,48057,1362.0
2051,48059,748.0
2052,48061,43592.0
2053,48063,944.0
2054,48065,155.0
2055,48067,2385.0
2056,48069,364.0
2057,48071,1717.0
2058,48073,3361.0
2059,48075,388.0
2060,48077,418.0
2061,48079,230.0
2062,48081,148.0
2063,48083,552.0
2064,48085,19115.0
2065,48087,180.0
2066,48089,1048.0
2067,48091,4000.0
2068,48093,737.0
2069,48095,134.0
2070,48097,1818.0
2071,48099,3575.0
2072,48101,105.0
2073,48103,191.0
2074,48105,133.0
2075,48107,491.0
2076,48109,192.0
2077,48111,224.0
2078,48113,151262.0
2079,48115,905.0
2080,48117,1022.0
2081,48119,330.0
2082,48121,18493.0
2083,48123,1392.0
2084,48125,133.0
2085,48127,1179.0
2086,48129,170.0
2087,48131,1503.0
2088,48133,1175.0
2089,48135,8809.0
2090,48137,113.0
2091,48139,6488.0
2092,48141,66582.0
2093,48143,1393.0
2094,48145,1371.0
2095,48147,1728.0
2096,48149,858.0
2097,48151,204.0
2098,48153,426.0
2099,48155,64.0
2100,48157,25994.0
2101,48159,556.0
2102,48161,1105.0
2103,48163,1613.0
2104,48165,770.0
2105,48167,17874.0
2106,48169,261.0
2107,48171,522.0
2108,48173,16.0
2109,48175,416.0
2110,48177,1438.0
2111,48179,1438.0
2112,48181,6504.0
2113,48183,8903.0
2114,48185,1742.0
2115,48187,5819.0
2116,48189,2174.0
2117,48191,217.0
2118,48193,385.0
2119,48195,109.0
2120,48197,233.0
2121,48199,3087.0
2122,48201,294732.0
2123,48203,4460.0
2124,48205,49.0
2125,48207,392.0
2126,48209,6366.0
2127,48211,68.0
2128,48213,5615.0
2129,48215,89602.0
2130,48217,2204.0
2131,48219,1349.0
2132,48221,2195.0
2133,48223,1946.0
2134,48225,1783.0
2135,48227,1864.0
2136,48229,384.0
2137,48231,5486.0
2138,48233,1017.0
2139,48235,44.0
2140,48237,360.0
2141,48239,863.0
2142,48241,2909.0
2143,48243,46.0
2144,48245,20367.0
2145,48247,587.0
2146,48249,4206.0
2147,48251,6930.0
2148,48253,856.0
2149,48255,999.0
2150,48257,6416.0
2151,48259,724.0
2152,48261,15.0
2153,48263,28.0
2154,48265,2066.0
2155,48267,200.0
2156,48269,2.0
2157,48271,226.0
2158,48273,2944.0
2159,48275,228.0
2160,48277,3733.0
2161,48279,891.0
2162,48281,1060.0
2163,48283,579.0
2164,48285,930.0
2165,48287,821.0
2166,48289,993.0
2167,48291,7382.0
2168,48293,1719.0
2169,48295,83.0
2170,48297,671.0
2171,48299,923.0
2172,48301,4.0
2173,48303,16778.0
2174,48305,363.0
2175,48307,605.0
2176,48309,15438.0
2177,48311,29.0
2178,48313,864.0
2179,48315,1036.0
2180,48317,214.0
2181,48319,140.0
2182,48321,2859.0
2183,48323,7031.0
2184,48325,2745.0
2185,48327,121.0
2186,48329,5823.0
2187,48331,1757.0
2188,48333,184.0
2189,48335,416.0
2190,48337,993.0
2191,48339,21897.0
2192,48341,666.0
2193,48343,1155.0
2194,48345,48.0
2195,48347,4432.0
2196,48349,3618.0
2197,48351,1056.0
2198,48353,1122.0
2199,48355,29771.0
2200,48357,309.0
2201,48359,30.0
2202,48361,5889.0
2203,48363,1579.0
2204,48365,1444.0
2205,48367,4173.0
2206,48369,263.0
2207,48371,854.0
2208,48373,3945.0
2209,48375,8215.0
2210,48377,676.0
2211,48379,631.0
2212,48381,3733.0
2213,48383,103.0
2214,48385,212.0
2215,48387,974.0
2216,48389,846.0
2217,48391,496.0
2218,48393,19.0
2219,48395,1461.0
2220,48397,1895.0
2221,48399,582.0
2222,48401,3063.0
2223,48403,843.0
2224,48405,810.0
2225,48407,2233.0
2226,48409,5327.0
2227,48411,321.0
2228,48413,123.0
2229,48415,834.0
2230,48417,142.0
2231,48419,2092.0
2232,48421,50.0
2233,48423,11378.0
2234,48425,292.0
2235,48427,9153.0
2236,48429,554.0
2237,48431,34.0
2238,48433,61.0
2239,48435,138.0
2240,48437,484.0
2241,48439,92835.0
2242,48441,7846.0
2243,48443,46.0
2244,48445,846.0
2245,48447,69.0
2246,48449,1867.0
2247,48451,5890.0
2248,48453,41751.0
2249,48455,1439.0
2250,48457,1526.0
2251,48459,2535.0
2252,48461,145.0
2253,48463,2451.0
2254,48465,4155.0
2255,48467,2765.0
2256,48469,6485.0
2257,48471,3427.0
2258,48473,2640.0
2259,48475,598.0
2260,48477,1572.0
2261,48479,26416.0
2262,48481,2760.0
2263,48483,206.0
2264,48485,8466.0
2265,48487,959.0
2266,48489,2206.0
2267,48491,11682.0
2268,48493,1775.0
2269,48495,372.0
2270,48497,2183.0
2271,48499,2249.0
2272,48501,323.0
2273,48503,954.0
2274,48505,1775.0
2275,48507,1662.0
2276,49925,63570.0
2277,50000,40468.0
2278,51001,2508.0
2279,51003,2693.0
2280,51007,724.0
2281,51009,1789.0
2282,51011,1153.0
2283,51013,5503.0
2284,51015,2634.0
2285,51017,160.0
2286,51019,2775.0
2287,51021,280.0
2288,51023,772.0
2289,51025,1732.0
2290,51027,2761.0
2291,51029,1392.0
2292,51031,3246.0
2293,51033,1814.0
2294,51035,2151.0
2295,51036,478.0
2296,51037,1051.0
2297,51041,12111.0
2298,51043,316.0
2299,51045,218.0
2300,51047,1920.0
2301,51049,929.0
2302,51051,1527.0
2303,51053,2082.0
2304,51057,896.0
2305,51059,22431.0
2306,51061,1450.0
2307,51063,779.0
2308,51065,741.0
2309,51067,2987.0
2310,51069,2370.0
2311,51071,1010.0
2312,51073,1803.0
2313,51075,600.0
2314,51077,1230.0
2315,51079,833.0
2316,51081,911.0
2317,51083,3127.0
2318,51085,2356.0
2319,51087,15338.0
2320,51089,4779.0
2321,51091,61.0
2322,51093,1706.0
2323,51095,1962.0
2324,51097,519.0
2325,51099,961.0
2326,51101,706.0
2327,51103,680.0
2328,51105,2939.0
2329,51107,5003.0
2330,51109,1774.0
2331,51111,1090.0
2332,51113,473.0
2333,51115,410.0
2334,51117,2337.0
2335,51119,735.0
2336,51121,2970.0
2337,51125,838.0
2338,51127,548.0
2339,51131,1237.0
2340,51133,773.0
2341,51135,1344.0
2342,51137,1460.0
2343,51139,1304.0
2344,51141,1391.0
2345,51143,4284.0
2346,51145,558.0
2347,51147,1686.0
2348,51149,1522.0
2349,51153,11541.0
2350,51155,2720.0
2351,51157,203.0
2352,51159,684.0
2353,51161,3643.0
2354,51163,1159.0
2355,51165,2099.0
2356,51167,2739.0
2357,51169,1773.0
2358,51171,2069.0
2359,51173,3098.0
2360,51175,1175.0
2361,51177,4650.0
2362,51179,3667.0
2363,51181,474.0
2364,51183,906.0
2365,51185,4044.0
2366,51187,1898.0
2367,51191,3358.0
2368,51193,1486.0
2369,51195,3797.0
2370,51197,2151.0
2371,51199,1308.0
2372,51510,5056.0
2373,51515,0.0
2374,51520,2163.0
2375,51530,423.0
2376,51540,2213.0
2377,51550,9745.0
2378,51570,1127.0
2379,51580,578.0
2380,51590,6387.0
2381,51595,885.0
2382,51600,476.0
2383,51610,169.0
2384,51620,1276.0
2385,51630,1933.0
2386,51640,814.0
2387,51650,10489.0
2388,51660,1977.0
2389,51670,3114.0
2390,51678,202.0
2391,51680,5943.0
2392,51683,1409.0
2393,51685,509.0
2394,51690,2027.0
2395,51700,15622.0
2396,51710,19959.0
2397,51720,547.0
2398,51730,5573.0
2399,51735,183.0
2400,51740,10880.0
2401,51750,781.0
2402,51760,20140.0
2403,51770,10338.0
2404,51790,1544.0
2405,51800,5270.0
2406,51810,14321.0
2407,51820,1581.0
2408,51830,670.0
2409,51840,1632.0
2410,52001,5844.0
2411,52005,6100.0
2412,53000,486778.0
2413,54001,1581.0
2414,54003,7348.0
2415,54005,2969.0
2416,54007,1594.0
2417,54009,0.0
2418,54011,9346.0
2419,54013,979.0
2420,54015,1429.0
2421,54017,611.0
2422,54019,4480.0
2423,54021,667.0
2424,54023,1004.0
2425,54025,3146.0
2426,54027,1809.0
2427,54029,3567.0
2428,54031,1108.0
2429,54033,4700.0
2430,54035,2617.0
2431,54037,2629.0
2432,54039,16809.0
2433,54041,1929.0
2434,54043,2896.0
2435,54045,4673.0
2436,54047,3826.0
2437,54049,4756.0
2438,54051,2424.0
2439,54053,2547.0
2440,54055,7428.0
2441,54057,1794.0
2442,54059,4149.0
2443,54061,4304.0
2444,54063,952.0
2445,54065,1101.0
2446,54067,2987.0
2447,54069,3736.0
2448,54071,458.0
2449,54073,564.0
2450,54075,760.0
2451,54077,2643.0
2452,54079,3142.0
2453,54081,8384.0
2454,54083,2504.0
2455,54085,947.0
2456,54087,1590.0
2457,54089,1683.0
2458,54091,1352.0
2459,54093,480.0
2460,54095,770.0
2461,54097,2472.0
2462,54099,4095.0
2463,54101,1583.0
2464,54103,1589.0
2465,54105,722.0
2466,54107,7759.0
2467,54109,2589.0
2468,55000,374.0
2469,55001,1994.0
2470,55003,1356.0
2471,55005,3047.0
2472,55007,808.0
2473,55009,13811.0
2474,55011,592.0
2475,55013,1159.0
2476,55015,1160.0
2477,55017,3216.0
2478,55019,1531.0
2479,55021,2769.0
2480,55023,1069.0
2481,55025,26025.0
2482,55027,4140.0
2483,55029,1172.0
2484,55031,3074.0
2485,55033,2216.0
2486,55035,5677.0
2487,55037,339.0
2488,55039,5039.0
2489,55041,685.0
2490,55043,2385.0
2491,55045,1509.0
2492,55047,1040.0
2493,55049,982.0
2494,55051,506.0
2495,55053,1347.0
2496,55055,3688.0
2497,55057,2336.0
2498,55059,11722.0
2499,55061,696.0
2500,55063,6065.0
2501,55065,739.0
2502,55067,1740.0
2503,55069,1701.0
2504,55071,3982.0
2505,55073,6623.0
2506,55075,2850.0
2507,55077,996.0
2508,55078,840.0
2509,55079,130935.0
2510,55081,2534.0
2511,55083,1762.0
2512,55085,2133.0
2513,55087,6662.0
2514,55089,1948.0
2515,55091,302.0
2516,55093,1117.0
2517,55095,2198.0
2518,55097,3199.0
2519,55099,968.0
2520,55101,15050.0
2521,55103,1210.0
2522,55105,12755.0
2523,55107,1214.0
2524,55109,2224.0
2525,55111,3830.0
2526,55113,1173.0
2527,55115,2239.0
2528,55117,6150.0
2529,55119,934.0
2530,55121,1353.0
2531,55123,1453.0
2532,55125,1064.0
2533,55127,4562.0
2534,55129,1139.0
2535,55131,3629.0
2536,55133,9252.0
2537,55135,2504.0
2538,55137,1455.0
2539,55139,8320.0
2540,55141,5063.0
2541,55143,495.0
2542,55145,56.0
2543,55147,198.0
2544,55149,165.0
2545,55151,535.0
2546,55153,96.0
2547,55155,17.0
2548,56000,14033.0
