State FIPS Code,County FIPS Code,Postal Code,Name,"Poverty Estimate, All Ages","Poverty Percent, All Ages","Poverty Estimate, Age 0-17","Poverty Percent, Age 0-17","Poverty Estimate, Age 5-17 in Families","Poverty Percent, Age 5-17 in Families",Median Household Income
0,0,US,United States,38371394,11.9,11204423,15.7,7798566,14.9,67340
1,0,AL,Alabama,714568,14.9,222934,20.9,152810,19.7,53958
1,1,AL,Autauga County,6242,11.2,1912,14.9,1378,14.5,67565
1,3,AL,Baldwin County,20189,8.9,5907,12.4,4192,11.8,71135
1,5,AL,Barbour County,5548,25.5,1857,37.5,1303,35.8,38866
1,7,AL,Bibb County,3549,17.8,941,21.9,681,22.1,50907
1,9,AL,Blount County,7525,13.1,2456,18.9,1515,15.8,55203
1,11,AL,Bullock County,2552,30.8,790,38.7,547,37.0,33124
1,13,AL,Butler County,3954,20.6,1306,30.8,934,29.8,42268
1,15,AL,Calhoun County,15915,14.5,3963,16.7,2885,16.7,50259
1,17,AL,Chambers County,5266,16.3,1731,26.2,1266,26.1,39318
1,19,AL,Cherokee County,3827,14.7,1115,23.3,795,22.2,50388
1,21,AL,Chilton County,6094,13.9,2177,21.0,1504,19.7,52693
1,23,AL,Choctaw County,2506,20.4,699,28.9,493,27.9,41649
1,25,AL,Clarke County,4471,19.5,1404,28.7,1025,28.3,44178
1,27,AL,Clay County,1818,14.2,623,23.8,449,23.6,44763
1,29,AL,Cleburne County,2099,14.2,654,19.5,460,19.0,50134
1,31,AL,Coffee County,7303,13.9,2523,20.6,1755,19.3,54203
1,33,AL,Colbert County,7864,14.4,2381,20.9,1670,20.3,54185
1,35,AL,Conecuh County,2701,22.9,833,35.1,590,33.2,34664
1,37,AL,Coosa County,1808,17.4,490,28.8,329,26.5,46509
1,39,AL,Covington County,6219,17.1,1795,22.6,1261,21.6,43544
1,41,AL,Crenshaw County,2262,16.8,777,25.6,553,24.3,45927
1,43,AL,Cullman County,10381,12.5,3196,17.4,2265,17.0,51844
1,45,AL,Dale County,7440,15.5,2872,26.1,1960,25.2,48493
1,47,AL,Dallas County,9471,26.7,3476,42.3,2366,38.6,37679
1,49,AL,DeKalb County,10778,15.2,3407,20.2,2417,19.2,47156
1,51,AL,Elmore County,8972,11.5,2956,16.6,2123,16.1,62524
1,53,AL,Escambia County,6892,20.4,2074,26.1,1471,25.6,41212
1,55,AL,Etowah County,15650,15.6,4889,22.9,3535,22.9,47872
1,57,AL,Fayette County,2640,16.5,801,23.7,560,22.6,45937
1,59,AL,Franklin County,5357,17.2,1748,22.9,1186,21.7,40448
1,61,AL,Geneva County,5492,21.0,1800,32.0,1304,31.1,39882
1,63,AL,Greene County,2210,27.9,737,43.5,521,41.1,33609
1,65,AL,Hale County,3166,21.9,1010,30.0,694,28.5,41836
1,67,AL,Henry County,2743,16.2,809,23.5,584,22.5,51126
1,69,AL,Houston County,15534,14.8,5566,23.4,3621,21.2,54391
1,71,AL,Jackson County,7777,15.3,2430,23.4,1531,20.2,46606
1,73,AL,Jefferson County,92310,14.4,29432,20.1,21197,20.2,57802
1,75,AL,Lamar County,2348,17.4,621,21.3,432,20.6,40204
1,77,AL,Lauderdale County,12630,13.9,3561,19.9,2290,17.5,52293
1,79,AL,Lawrence County,5005,15.4,1525,21.9,1081,20.8,48924
1,81,AL,Lee County,28901,17.9,5772,16.8,3716,14.9,58963
1,83,AL,Limestone County,10285,10.4,3166,14.3,2145,12.9,70850
1,85,AL,Lowndes County,2083,21.9,796,38.1,578,38.5,37499
1,87,AL,Macon County,4543,27.9,1187,39.3,860,40.1,37736
1,89,AL,Madison County,39100,10.5,10909,13.5,7587,12.9,67810
1,91,AL,Marengo County,3370,18.3,1236,30.2,878,29.2,43198
1,93,AL,Marion County,4843,16.8,1423,23.6,954,21.5,44333
1,95,AL,Marshall County,14754,15.4,5860,24.6,3623,21.3,51417
1,97,AL,Mobile County,71398,17.6,25682,27.3,16756,24.9,50871
1,99,AL,Monroe County,4552,22.5,1247,29.9,892,28.3,38812
1,101,AL,Montgomery County,44058,20.4,14673,28.4,9384,25.7,49607
1,103,AL,Morgan County,16995,14.4,5414,20.1,3273,16.6,55688
1,105,AL,Perry County,2443,30.7,768,44.2,562,43.8,33712
1,107,AL,Pickens County,4050,22.7,1154,31.2,843,31.5,41870
1,109,AL,Pike County,6101,19.7,1748,28.3,1198,27.3,43141
1,111,AL,Randolph County,3933,17.5,1285,27.3,908,26.2,46679
1,113,AL,Russell County,11702,20.3,4352,31.7,2754,28.3,40821
1,115,AL,St. Clair County,9384,10.5,2902,14.6,1958,13.3,61973
1,117,AL,Shelby County,15227,7.0,4078,8.2,3068,8.1,88444
1,119,AL,Sumter County,3338,29.2,975,42.0,679,41.6,32275
1,121,AL,Talladega County,12958,16.9,3811,23.9,2603,22.4,44802
1,123,AL,Tallapoosa County,6004,15.2,2114,26.3,1499,25.2,46654
1,125,AL,Tuscaloosa County,28776,14.4,7490,17.4,5456,17.7,56610
1,127,AL,Walker County,10219,16.4,3151,23.0,2102,21.4,46519
1,129,AL,Washington County,2769,17.5,765,22.9,548,22.6,36346
1,131,AL,Wilcox County,2240,22.2,674,29.4,520,31.4,31909
1,133,AL,Winston County,4036,17.4,1056,22.8,743,21.9,46453
2,0,AK,Alaska,68714,9.6,21459,12.3,13944,11.1,79961
2,13,AK,Aleutians East Borough,514,15.1,31,13.2,23,12.9,79128
2,16,AK,Aleutians West Census Area,443,8.1,40,6.0,29,6.0,92216
2,20,AK,Anchorage Borough,23200,8.3,6026,9.0,3933,8.3,84577
2,50,AK,Bethel Census Area,4567,25.3,2347,36.8,1615,36.6,52214
2,60,AK,Bristol Bay Borough,82,10.7,18,11.8,12,11.1,87032
2,63,AK,Chugach Census Area,441,7.0,99,7.2,68,6.8,84063
2,66,AK,Copper River Census Area,368,12.7,120,16.6,77,13.9,61215
2,68,AK,Denali Borough,127,6.4,25,7.2,17,6.3,80192
2,70,AK,Dillingham Census Area,894,18.7,394,26.5,244,23.2,72334
2,90,AK,Fairbanks North Star Borough,6565,7.2,1751,7.9,1202,7.8,76650
2,100,AK,Haines Borough,251,9.6,83,18.4,58,17.2,105044
2,105,AK,Hoonah-Angoon Census Area,271,12.7,89,23.2,62,21.8,55593
2,110,AK,Juneau Borough,2510,8.1,768,11.9,454,9.5,89204
2,122,AK,Kenai Peninsula Borough,6171,10.6,1898,14.7,1170,12.3,68448
2,130,AK,Ketchikan Gateway Borough,1127,8.3,273,9.8,182,8.9,76780
2,150,AK,Kodiak Island Borough,957,7.5,244,8.1,156,7.0,72028
2,158,AK,Kusilvak Census Area,2305,27.9,1449,42.5,966,41.0,37566
2,164,AK,Lake and Peninsula Borough,261,17.6,97,23.0,66,22.8,54386
2,170,AK,Matanuska-Susitna Borough,9365,8.7,2677,9.5,1619,7.7,89502
2,180,AK,Nome Census Area,1825,18.8,765,23.1,499,20.6,64309
2,185,AK,North Slope Borough,1025,11.1,353,14.0,227,12.5,94759
2,188,AK,Northwest Arctic Borough,1397,18.5,689,25.4,454,23.3,65194
2,195,AK,Petersburg Borough,242,7.4,64,9.4,45,8.7,66096
2,198,AK,Prince of Wales-Hyder Census Area,975,15.9,274,20.9,178,17.9,53638
2,220,AK,Sitka Borough,609,7.4,132,7.9,84,6.8,79363
2,230,AK,Skagway Municipality,45,3.8,9,5.0,6,4.6,78421
2,240,AK,Southeast Fairbanks Census Area,805,11.7,267,15.2,182,14.3,64544
2,275,AK,Wrangell City and Borough,264,10.6,61,13.1,37,10.5,64643
2,282,AK,Yakutat Borough,79,12.4,31,23.8,22,22.9,68352
2,290,AK,Yukon-Koyukuk Census Area,1029,20.5,385,27.6,257,25.4,43060
4,0,AZ,Arizona,932555,12.8,283667,17.6,197320,16.6,64652
4,1,AZ,Apache County,22939,32.4,8318,44.4,5696,40.1,36319
4,3,AZ,Cochise County,17815,14.6,5405,20.7,3733,19.4,51171
4,5,AZ,Coconino County,22540,17.2,4807,17.3,3338,16.2,57146
4,7,AZ,Gila County,8911,16.7,2679,26.2,1863,24.6,49280
4,9,AZ,Graham County,5523,15.2,1662,16.3,1124,15.0,55419
4,11,AZ,Greenlee County,776,8.4,219,9.0,149,8.6,67530
4,12,AZ,La Paz County,4405,20.8,859,26.3,575,24.4,41637
4,13,AZ,Maricopa County,520797,11.6,165566,16.0,116695,15.2,71799
4,15,AZ,Mohave County,32550,15.3,8802,25.5,6010,23.7,46678
4,17,AZ,Navajo County,25532,23.3,8889,31.5,6244,29.5,46698
4,19,AZ,Pima County,154790,14.9,41969,20.0,27736,17.9,56551
4,21,AZ,Pinal County,50810,11.1,14998,14.6,10467,13.6,66992
4,23,AZ,Santa Cruz County,7810,16.8,3093,25.5,2223,24.7,44402
4,25,AZ,Yavapai County,25610,10.8,5538,15.2,3594,13.2,58860
4,27,AZ,Yuma County,31745,15.2,10862,20.5,7873,20.6,54278
5,0,AR,Arkansas,448665,15.2,142855,20.8,96688,19.3,51146
5,1,AR,Arkansas County,2940,17.2,857,21.8,606,21.4,51186
5,3,AR,Ashley County,3279,17.1,1042,24.4,696,21.9,44677
5,5,AR,Baxter County,6013,14.4,1748,24.0,1257,23.0,44833
5,7,AR,Benton County,25970,9.1,9151,12.5,5792,10.8,78678
5,9,AR,Boone County,5255,14.1,1636,19.8,1097,17.7,48153
5,11,AR,Bradley County,2156,20.6,728,28.4,509,26.8,41578
5,13,AR,Calhoun County,798,16.2,204,22.3,152,21.1,50865
5,15,AR,Carroll County,3935,14.1,1241,20.6,856,19.4,45397
5,17,AR,Chicot County,2467,26.8,782,36.7,542,34.1,35992
5,19,AR,Clark County,3830,20.1,902,22.0,641,21.3,46464
5,21,AR,Clay County,2577,18.1,728,24.3,507,23.1,43723
5,23,AR,Cleburne County,3563,14.5,948,20.9,682,19.7,49964
5,25,AR,Cleveland County,1086,13.8,324,19.3,224,17.3,57697
5,27,AR,Columbia County,3857,18.3,1201,25.5,832,24.9,44925
5,29,AR,Conway County,3273,15.8,1054,22.9,713,20.9,47049
5,31,AR,Craighead County,18130,16.8,6420,23.4,4638,23.4,51797
5,33,AR,Crawford County,9012,14.4,3055,20.4,2107,18.8,54534
5,35,AR,Crittenden County,10671,22.9,4427,35.0,2933,32.0,47545
5,37,AR,Cross County,3357,21.2,1231,33.3,896,33.1,40587
5,39,AR,Dallas County,1244,19.5,405,32.3,280,30.3,34649
5,41,AR,Desha County,2507,22.8,945,34.0,646,31.3,37421
5,43,AR,Drew County,3152,18.4,907,24.2,628,23.9,46787
5,45,AR,Faulkner County,14653,12.0,3775,13.3,2464,11.8,57367
5,47,AR,Franklin County,2692,15.3,774,19.9,558,19.1,47256
5,49,AR,Fulton County,2077,17.0,702,27.7,476,24.8,39839
5,51,AR,Garland County,15359,15.7,4358,22.7,3038,21.9,46459
5,53,AR,Grant County,1809,9.9,606,15.2,425,14.1,62077
5,55,AR,Greene County,7696,17.1,2292,21.4,1485,19.0,53821
5,57,AR,Hempstead County,3914,18.7,1431,27.1,983,25.3,42790
5,59,AR,Hot Spring County,4709,14.9,1474,22.5,1019,21.0,49582
5,61,AR,Howard County,2150,16.7,836,24.9,568,23.2,40566
5,63,AR,Independence County,5499,15.0,1688,19.0,1122,17.1,50834
5,65,AR,Izard County,2539,20.1,661,27.3,450,24.8,41787
5,67,AR,Jackson County,3344,23.1,981,29.6,680,28.7,40789
5,69,AR,Jefferson County,11303,18.9,3400,24.7,2591,25.8,40588
5,71,AR,Johnson County,4465,17.3,1494,23.6,1009,21.7,39439
5,73,AR,Lafayette County,1289,19.8,346,29.5,249,29.4,40007
5,75,AR,Lawrence County,3006,19.2,926,26.1,636,24.8,41188
5,77,AR,Lee County,2527,36.8,670,45.4,474,45.1,32502
5,79,AR,Lincoln County,2223,23.6,484,23.2,340,22.6,47903
5,81,AR,Little River County,1943,16.2,649,24.4,440,22.8,47125
5,83,AR,Logan County,3308,15.8,963,22.2,688,22.1,43577
5,85,AR,Lonoke County,7974,10.9,2582,14.2,1628,11.9,59623
5,87,AR,Madison County,2797,16.9,938,25.2,659,24.4,45144
5,89,AR,Marion County,3165,19.1,854,27.6,585,25.5,39888
5,91,AR,Miller County,8050,19.2,2400,24.4,1656,23.1,43634
5,93,AR,Mississippi County,8235,21.0,2867,28.0,1936,26.3,47892
5,95,AR,Monroe County,1543,23.8,514,36.5,354,36.8,35833
5,97,AR,Montgomery County,1666,18.8,460,28.3,321,27.2,42751
5,99,AR,Nevada County,1512,19.1,497,27.8,337,25.5,41854
5,101,AR,Newton County,1406,18.7,426,29.8,295,27.6,40698
5,103,AR,Ouachita County,4669,20.5,1396,27.9,969,25.9,46374
5,105,AR,Perry County,1506,14.7,494,22.7,348,21.5,46317
5,107,AR,Phillips County,3767,22.1,1634,37.0,1140,36.6,35167
5,109,AR,Pike County,1932,18.6,552,24.6,389,23.1,43133
5,111,AR,Poinsett County,4857,21.2,1572,28.9,1065,27.1,36150
5,113,AR,Polk County,3538,18.1,1214,28.1,854,25.8,42915
5,115,AR,Pope County,8552,14.1,2508,17.6,1723,16.6,46350
5,117,AR,Prairie County,1137,14.5,392,24.4,281,24.0,48478
5,119,AR,Pulaski County,59031,15.3,20032,22.5,12752,19.9,56171
5,121,AR,Randolph County,2912,16.3,997,23.5,672,22.4,46495
5,123,AR,St. Francis County,6199,30.1,2001,39.6,1398,39.3,37759
5,125,AR,Saline County,10057,8.2,3031,10.8,2180,10.3,70550
5,127,AR,Scott County,1756,17.5,623,27.1,421,25.1,41230
5,129,AR,Searcy County,1732,22.3,529,34.9,372,32.8,33814
5,131,AR,Sebastian County,21137,16.8,7106,24.0,4790,22.3,48627
5,133,AR,Sevier County,2755,16.7,1142,24.5,774,22.3,45838
5,135,AR,Sharp County,3110,18.1,999,28.7,717,28.0,40437
5,137,AR,Stone County,2513,20.1,695,29.1,509,29.0,36148
5,139,AR,Union County,6381,16.9,1959,21.8,1304,19.7,47857
5,141,AR,Van Buren County,2674,16.4,695,22.6,508,21.7,42345
5,143,AR,Washington County,30994,13.2,8392,14.7,5424,13.1,57712
5,145,AR,White County,11176,14.8,3400,19.1,2351,17.6,43765
5,147,AR,Woodruff County,1386,22.6,434,33.1,306,33.1,37634
5,149,AR,Yell County,2971,14.3,1073,21.6,741,20.1,48728
6,0,CA,California,4419167,11.5,1260145,14.6,898424,14.2,83001
6,1,CA,Alameda County,139636,8.6,29982,9.1,21299,8.9,113518
6,3,CA,Alpine County,159,14.3,51,24.5,32,20.0,64542
6,5,CA,Amador County,3678,10.3,769,13.0,546,12.6,68141
6,7,CA,Butte County,35963,17.3,7852,18.7,5817,19.0,54718
6,9,CA,Calaveras County,5310,11.6,1213,16.1,858,15.5,66329
6,11,CA,Colusa County,2200,10.3,733,12.9,529,12.4,59422
6,13,CA,Contra Costa County,82136,7.2,19800,7.9,13608,7.2,106484
6,15,CA,Del Norte County,4604,18.5,1313,23.4,914,21.8,47442
6,17,CA,El Dorado County,15992,8.4,3259,8.8,2160,7.6,87792
6,19,CA,Fresno County,168153,17.1,63763,23.1,44236,21.7,61401
6,21,CA,Glenn County,3470,12.4,1278,17.2,885,16.1,57779
6,23,CA,Humboldt County,20847,15.8,4664,18.8,3061,17.2,56071
6,25,CA,Imperial County,31134,18.1,12611,24.9,9014,24.3,47599
6,27,CA,Inyo County,1940,10.9,535,14.6,372,13.8,55981
6,29,CA,Kern County,159609,18.3,62402,24.6,47088,25.1,58583
6,31,CA,Kings County,19874,14.5,7179,17.8,4768,16.3,60319
6,33,CA,Lake County,10131,15.9,2980,22.2,2132,22.3,52345
6,35,CA,Lassen County,3555,15.5,820,15.7,561,15.0,63803
6,37,CA,Los Angeles County,1289368,13.2,352512,17.2,255877,16.9,75624
6,39,CA,Madera County,21211,14.1,7920,18.8,5589,17.9,68744
6,41,CA,Marin County,15119,6.0,2848,5.8,1865,4.9,127601
6,43,CA,Mariposa County,2258,13.3,509,18.5,365,18.1,56887
6,45,CA,Mendocino County,12099,14.3,3341,18.9,2305,17.9,53176
6,47,CA,Merced County,44302,16.3,18095,22.8,13025,22.1,58998
6,49,CA,Modoc County,1529,17.9,459,28.1,321,26.6,46838
6,51,CA,Mono County,1285,9.0,239,9.6,165,9.0,73204
6,53,CA,Monterey County,47870,11.6,16255,15.0,11683,14.6,85031
6,55,CA,Napa County,10356,7.9,2310,8.7,1653,8.2,92149
6,57,CA,Nevada County,9040,9.2,1805,11.0,1304,10.7,74158
6,59,CA,Orange County,280128,9.0,68641,10.3,46800,9.6,98786
6,61,CA,Placer County,25815,6.5,5433,6.2,4145,6.2,100662
6,63,CA,Plumas County,2509,13.5,592,18.3,402,17.2,58489
6,65,CA,Riverside County,275176,11.2,86711,14.5,62519,13.9,76409
6,67,CA,Sacramento County,192386,12.5,59812,16.8,42634,16.4,72953
6,69,CA,San Benito County,5025,7.9,1490,9.3,1098,9.2,91185
6,71,CA,San Bernardino County,308021,14.3,109552,19.7,76226,18.6,65984
6,73,CA,San Diego County,306807,9.5,76512,11.0,52440,10.5,87126
6,75,CA,San Francisco County,85356,10.0,10658,9.4,7367,9.7,121722
6,77,CA,San Joaquin County,104295,13.9,34931,17.4,26055,17.5,70685
6,79,CA,San Luis Obispo County,28338,10.6,4411,9.2,3129,8.8,79455
6,81,CA,San Mateo County,41158,5.5,8242,5.6,5649,5.3,132369
6,83,CA,Santa Barbara County,44777,10.5,12041,12.6,8338,12.1,86136
6,85,CA,Santa Clara County,123516,6.6,25805,6.5,18923,6.5,139462
6,87,CA,Santa Cruz County,27524,10.7,5238,10.6,3772,10.2,93015
6,89,CA,Shasta County,24570,13.9,6860,18.3,4393,16.1,59108
6,91,CA,Sierra County,331,11.5,65,13.5,46,13.3,59422
6,93,CA,Siskiyou County,6086,14.3,1731,20.2,1227,19.2,49441
6,95,CA,Solano County,40283,9.3,10355,10.8,7043,10.1,83678
6,97,CA,Sonoma County,37609,7.8,7884,8.6,5155,7.5,87366
6,99,CA,Stanislaus County,70568,13.0,24827,17.1,17481,16.3,64501
6,101,CA,Sutter County,10984,11.5,3907,16.2,2814,15.8,65791
6,103,CA,Tehama County,8467,13.3,2572,17.2,1897,17.1,61571
6,105,CA,Trinity County,2162,18.0,546,26.4,376,25.0,45113
6,107,CA,Tulare County,79348,17.1,32114,23.0,23203,22.2,62058
6,109,CA,Tuolumne County,6158,12.1,1195,13.4,824,12.6,63336
6,111,CA,Ventura County,75060,9.1,21340,11.7,16275,11.8,90961
6,113,CA,Yolo County,31066,14.8,5031,11.3,3316,10.0,80668
6,115,CA,Yuba County,12816,16.3,4149,19.2,2845,18.4,56278
8,0,CO,Colorado,511346,9.0,129839,10.6,89390,9.8,77688
8,1,CO,Adams County,48180,9.4,15835,12.1,10686,11.0,73615
8,3,CO,Alamosa County,2563,16.7,800,20.9,560,19.6,50390
8,5,CO,Arapahoe County,45760,7.0,12360,8.4,8204,7.5,82381
8,7,CO,Archuleta County,1319,9.4,396,16.2,311,16.5,63961
8,9,CO,Baca County,585,16.9,181,24.0,124,21.9,42531
8,11,CO,Bent County,1033,26.6,221,27.2,169,27.7,50688
8,13,CO,Boulder County,30205,9.5,3712,6.3,2578,5.6,88289
8,14,CO,Broomfield County,2983,4.2,634,4.1,453,3.8,106263
8,15,CO,Chaffee County,1844,9.6,339,11.2,238,10.5,64220
8,17,CO,Cheyenne County,214,12.3,75,18.1,55,17.1,56383
8,19,CO,Clear Creek County,695,7.3,128,9.3,88,8.8,79422
8,21,CO,Conejos County,1422,17.6,448,22.4,319,20.8,39822
8,23,CO,Costilla County,854,21.8,240,32.2,171,30.5,35639
8,25,CO,Crowley County,1118,37.2,194,29.5,135,26.2,36836
8,27,CO,Custer County,611,12.2,162,23.2,117,22.6,60485
8,29,CO,Delta County,3690,12.1,917,15.4,624,13.7,53553
8,31,CO,Denver County,89598,12.4,23256,17.3,16771,17.8,75355
8,33,CO,Dolores County,262,12.5,60,15.3,42,13.2,50821
8,35,CO,Douglas County,10942,3.0,2239,2.6,1548,2.3,122290
8,37,CO,Eagle County,3517,6.4,822,7.2,540,6.2,94309
8,39,CO,Elbert County,1304,4.8,381,6.8,264,6.0,107139
8,41,CO,El Paso County,64656,9.1,19075,11.4,12888,10.5,72459
8,43,CO,Fremont County,6083,15.2,1318,17.7,959,17.3,52414
8,45,CO,Garfield County,3965,6.7,1395,9.4,910,8.4,79958
8,47,CO,Gilpin County,408,6.6,68,7.8,37,5.4,79622
8,49,CO,Grand County,1071,6.8,226,9.0,158,8.1,74484
8,51,CO,Gunnison County,1595,9.6,246,8.8,162,7.6,68214
8,53,CO,Hinsdale County,58,7.2,22,18.8,16,19.3,63034
8,55,CO,Huerfano County,1337,19.9,350,32.3,240,28.5,49502
8,57,CO,Jackson County,161,11.6,40,16.7,28,16.6,55430
8,59,CO,Jefferson County,34963,6.1,7224,6.6,5002,6.2,90097
8,61,CO,Kiowa County,173,12.0,55,15.9,37,16.0,49179
8,63,CO,Kit Carson County,764,10.8,278,15.5,201,14.6,54642
8,65,CO,Lake County,831,10.6,226,14.1,149,13.0,61518
8,67,CO,La Plata County,5447,10.0,1238,12.2,857,11.2,66080
8,69,CO,Larimer County,34579,9.9,5121,7.6,3308,6.5,80344
8,71,CO,Las Animas County,2245,16.4,593,23.4,414,21.6,46281
8,73,CO,Lincoln County,727,15.6,202,18.3,145,18.0,50169
8,75,CO,Logan County,2420,13.1,563,14.7,401,14.5,55717
8,77,CO,Mesa County,16752,11.1,4329,13.6,2940,12.5,64141
8,79,CO,Mineral County,67,8.7,16,15.0,12,16.0,58004
8,81,CO,Moffat County,1290,9.9,390,12.1,253,10.5,63128
8,83,CO,Montezuma County,3374,12.9,1097,20.0,785,18.7,54053
8,85,CO,Montrose County,4477,10.4,1335,15.1,937,14.0,59764
8,87,CO,Morgan County,2969,10.5,911,12.4,652,12.3,63297
8,89,CO,Otero County,3116,17.6,1030,24.7,705,22.6,46235
8,91,CO,Ouray County,333,6.7,57,8.0,40,7.1,74492
8,93,CO,Park County,1476,7.8,313,11.3,209,9.8,77598
8,95,CO,Phillips County,440,10.2,162,14.9,117,14.3,57385
8,97,CO,Pitkin County,1136,6.4,136,5.2,95,4.9,93634
8,99,CO,Prowers County,1910,16.2,672,21.7,458,20.1,47463
8,101,CO,Pueblo County,23367,14.1,6581,17.9,4439,16.1,50885
8,103,CO,Rio Blanco County,597,9.8,164,10.9,119,10.3,64039
8,105,CO,Rio Grande County,1475,13.3,480,19.7,357,19.6,51416
8,107,CO,Routt County,1595,6.3,273,6.2,195,5.9,82330
8,109,CO,Saguache County,1284,18.6,391,29.1,242,23.5,56012
8,111,CO,San Juan County,84,11.3,15,17.0,11,16.9,54387
8,113,CO,San Miguel County,611,7.6,106,7.9,75,7.3,77099
8,115,CO,Sedgwick County,294,13.2,93,22.1,69,21.8,43354
8,117,CO,Summit County,1866,6.1,306,6.4,193,5.6,91079
8,119,CO,Teller County,1856,7.3,491,11.7,358,10.9,62845
8,121,CO,Washington County,551,11.8,188,17.6,134,16.6,59174
8,123,CO,Weld County,29123,8.9,8220,9.8,5786,9.4,77937
8,125,CO,Yuma County,1124,11.5,438,16.1,300,15.0,82124
9,0,CT,Connecticut,333435,9.7,83935,11.8,60753,11.5,79723
9,1,CT,Fairfield County,81309,8.8,22049,10.8,17115,11.1,98828
9,3,CT,Hartford County,92518,10.7,24723,13.6,17516,13.0,73476
9,5,CT,Litchfield County,13160,7.4,2545,8.2,1900,8.0,79512
9,7,CT,Middlesex County,12020,7.7,1738,6.5,1232,6.0,89970
9,9,CT,New Haven County,92869,11.2,23263,13.9,16091,13.0,72517
9,11,CT,New London County,20478,8.0,5431,10.9,3936,10.6,77202
9,13,CT,Tolland County,9362,6.9,1416,5.6,990,5.2,87247
9,15,CT,Windham County,11719,10.4,2770,12.5,1973,12.0,66349
10,0,DE,Delaware,104400,10.9,30380,15.1,20536,14.1,71335
10,1,DE,Kent County,23168,13.0,6726,16.4,4439,14.9,61538
10,3,DE,New Castle County,55026,10.1,16237,13.9,10858,12.7,75145
10,5,DE,Sussex County,26206,11.0,7417,17.4,5239,17.0,69829
11,0,DC,District of Columbia,101959,15.0,28420,22.3,19568,23.2,91957
11,1,DC,District of Columbia,101959,15.0,28420,22.3,19568,23.2,91957
12,0,FL,Florida,2642642,12.4,714847,17.2,504335,16.5,61724
12,1,FL,Alachua County,44315,17.2,7189,15.1,4877,14.2,51995
12,3,FL,Baker County,3416,12.8,1183,17.3,940,18.6,61514
12,5,FL,Bay County,20719,12.4,6824,20.0,4706,18.9,61332
12,7,FL,Bradford County,4242,17.5,1177,22.0,831,21.3,48260
12,9,FL,Brevard County,59282,9.9,14490,13.5,10560,13.1,65871
12,11,FL,Broward County,214119,11.0,56676,14.1,40561,13.8,63901
12,13,FL,Calhoun County,2512,20.3,787,28.7,546,26.0,43994
12,15,FL,Charlotte County,18781,9.8,3505,15.8,2438,14.5,58368
12,17,FL,Citrus County,18933,12.6,5029,23.1,3789,23.3,48574
12,19,FL,Clay County,19482,8.9,6467,12.9,4690,12.3,72520
12,21,FL,Collier County,39254,10.1,9469,14.9,6664,14.0,81895
12,23,FL,Columbia County,10444,15.6,3482,22.8,2439,21.8,46670
12,27,FL,DeSoto County,7387,20.8,1863,27.6,1300,26.9,45807
12,29,FL,Dixie County,3538,23.2,944,31.1,681,30.2,41450
12,31,FL,Duval County,143438,15.2,44840,21.1,33959,22.7,55202
12,33,FL,Escambia County,41047,13.5,13381,20.4,8747,18.7,57089
12,35,FL,Flagler County,11058,9.4,3101,16.3,2230,15.2,67054
12,37,FL,Franklin County,1998,19.1,563,30.8,387,28.9,47206
12,39,FL,Gadsden County,9356,21.9,3325,34.9,2262,32.5,42698
12,41,FL,Gilchrist County,2555,14.5,828,22.5,599,22.3,52000
12,43,FL,Glades County,2302,18.1,459,23.5,320,20.7,45328
12,45,FL,Gulf County,1977,15.1,615,25.2,420,23.0,51593
12,47,FL,Hamilton County,2846,24.2,915,34.5,637,33.8,41871
12,49,FL,Hardee County,5373,21.2,1888,28.0,1252,25.2,46264
12,51,FL,Hendry County,9651,22.9,3500,31.4,2551,31.5,45652
12,53,FL,Hernando County,24571,12.5,7131,20.1,4972,18.6,52108
12,55,FL,Highlands County,16905,16.1,4615,26.6,3259,25.3,48922
12,57,FL,Hillsborough County,175650,11.9,46039,14.3,33601,14.3,65272
12,59,FL,Holmes County,3651,20.5,1201,30.9,822,29.0,41969
12,61,FL,Indian River County,13959,8.7,3873,16.0,2883,16.2,72934
12,63,FL,Jackson County,7738,19.5,2480,29.5,1743,28.8,44108
12,65,FL,Jefferson County,2281,17.2,639,26.4,457,24.9,54354
12,67,FL,Lafayette County,1494,20.7,448,27.7,297,23.5,41635
12,69,FL,Lake County,34282,9.2,9745,14.0,6723,13.1,58501
12,71,FL,Lee County,81863,10.5,19579,14.7,13054,13.4,66140
12,73,FL,Leon County,49598,17.6,11832,22.0,7965,20.5,61403
12,75,FL,Levy County,7055,16.9,2172,27.2,1546,26.3,41894
12,77,FL,Liberty County,1342,21.2,331,24.7,245,25.0,46734
12,79,FL,Madison County,3969,23.8,990,30.1,714,29.8,41650
12,81,FL,Manatee County,44512,10.9,11448,16.2,8398,15.9,63328
12,83,FL,Marion County,55608,15.3,14650,21.7,9193,18.6,48553
12,85,FL,Martin County,17627,11.1,4391,17.3,3130,16.5,72736
12,86,FL,Miami-Dade County,399797,15.0,106575,19.9,70384,18.3,59259
12,87,FL,Monroe County,7404,10.2,1714,15.3,1181,14.8,68584
12,89,FL,Nassau County,7348,8.1,2042,11.6,1453,11.2,75123
12,91,FL,Okaloosa County,19813,9.6,6557,14.2,4361,13.2,65977
12,93,FL,Okeechobee County,6933,17.7,2103,24.7,1441,24.0,48028
12,95,FL,Orange County,174206,12.7,49796,16.7,35133,16.2,69074
12,97,FL,Osceola County,45150,11.8,15979,17.6,12148,18.0,63018
12,99,FL,Palm Beach County,178480,12.0,45103,16.2,31991,15.7,68200
12,101,FL,Pasco County,64340,11.4,18363,16.3,12663,15.1,52332
12,103,FL,Pinellas County,106309,11.1,23715,15.8,17116,15.5,61532
12,105,FL,Polk County,104836,14.4,35274,22.2,25812,22.0,54591
12,107,FL,Putnam County,17792,24.3,5099,33.0,3564,31.7,36527
12,109,FL,St. Johns County,22314,8.1,5477,9.3,3771,8.2,94343
12,111,FL,St. Lucie County,45996,13.8,13642,21.2,9684,20.2,59023
12,113,FL,Santa Rosa County,17152,9.4,4782,11.8,3425,11.3,71583
12,115,FL,Sarasota County,37949,8.7,8295,13.8,6200,13.6,66138
12,117,FL,Seminole County,37499,8.0,10085,10.4,7362,10.1,71930
12,119,FL,Sumter County,16128,12.3,3278,34.8,2236,32.0,60278
12,121,FL,Suwannee County,7489,17.7,2593,28.3,1834,27.3,46264
12,123,FL,Taylor County,3680,19.3,1077,25.8,774,25.7,45527
12,125,FL,Union County,2139,20.7,607,20.3,429,19.6,49313
12,127,FL,Volusia County,63322,11.6,13347,14.0,10330,14.8,55463
12,129,FL,Wakulla County,3204,10.3,1081,15.7,754,14.5,64671
12,131,FL,Walton County,8470,11.4,2745,18.0,1906,17.3,74108
12,133,FL,Washington County,4763,20.4,1448,28.7,995,26.6,44661
13,0,GA,Georgia,1465328,14.0,479569,19.5,341361,18.8,62800
13,1,GA,Appling County,3550,19.9,1311,29.9,934,29.0,44871
13,3,GA,Atkinson County,1801,21.6,725,33.8,503,32.4,39633
13,5,GA,Bacon County,2261,21.1,792,29.0,539,27.0,41756
13,7,GA,Baker County,701,23.7,214,39.5,157,40.6,43696
13,9,GA,Baldwin County,8910,22.6,2515,30.9,1827,29.9,49350
13,11,GA,Banks County,2245,11.6,697,17.2,479,15.9,62836
13,13,GA,Barrow County,8629,10.1,2816,13.0,2143,13.4,64460
13,15,GA,Bartow County,10991,10.2,3860,15.3,2697,14.5,64980
13,17,GA,Ben Hill County,3636,22.3,1310,32.7,918,31.0,39305
13,19,GA,Berrien County,3610,18.9,1201,26.6,857,25.8,45094
13,21,GA,Bibb County,40946,28.0,13448,37.4,9237,35.3,44467
13,23,GA,Bleckley County,2134,18.5,688,28.1,509,28.0,51448
13,25,GA,Brantley County,3386,17.8,1157,26.6,816,25.6,39256
13,27,GA,Brooks County,3140,20.6,1055,32.5,767,32.1,42973
13,29,GA,Bryan County,3249,8.0,1165,9.8,874,9.8,81890
13,31,GA,Bulloch County,15342,20.7,3640,23.1,2661,23.8,48629
13,33,GA,Burke County,4455,20.0,1787,31.6,1264,30.2,44870
13,35,GA,Butts County,4651,20.8,1881,37.0,1484,40.3,52720
13,37,GA,Calhoun County,1555,34.4,371,35.9,272,34.0,37984
13,39,GA,Camden County,5021,9.4,1692,12.9,1312,14.2,67525
13,43,GA,Candler County,2143,20.1,866,31.8,608,29.8,42583
13,45,GA,Carroll County,19693,16.8,6003,21.5,3852,19.1,64554
13,47,GA,Catoosa County,6796,10.1,2121,14.2,1500,13.1,61906
13,49,GA,Charlton County,2781,25.5,724,30.6,476,26.9,46061
13,51,GA,Chatham County,43011,15.6,14434,24.5,10093,24.2,56357
13,53,GA,Chattahoochee County,1222,15.6,343,14.7,234,15.9,51811
13,55,GA,Chattooga County,4431,18.8,1442,26.7,1013,25.8,44399
13,57,GA,Cherokee County,17630,6.7,5412,8.8,3910,8.4,90675
13,59,GA,Clarke County,28845,24.6,4924,23.1,3274,21.7,46693
13,61,GA,Clay County,675,24.1,247,43.3,179,43.4,35937
13,63,GA,Clayton County,48136,16.8,19630,25.0,13976,24.3,49370
13,65,GA,Clinch County,1326,20.4,483,29.9,337,28.4,43088
13,67,GA,Cobb County,69097,9.2,18288,10.6,12719,10.0,81517
13,69,GA,Coffee County,9184,23.1,3366,32.7,2384,32.2,44520
13,71,GA,Colquitt County,9078,20.4,3280,28.9,2327,27.7,41673
13,73,GA,Columbia County,10629,6.7,3398,8.5,2434,8.1,87489
13,75,GA,Cook County,3340,19.5,1274,29.8,882,27.5,35225
13,77,GA,Coweta County,12862,8.6,4142,11.8,2780,10.5,84121
13,79,GA,Crawford County,1941,16.1,606,25.1,438,23.5,48184
13,81,GA,Crisp County,5282,24.5,1822,36.0,1304,34.6,36871
13,83,GA,Dade County,1954,13.0,467,15.5,347,15.6,41069
13,85,GA,Dawson County,2332,8.7,670,12.6,467,12.1,75081
13,87,GA,Decatur County,6495,25.6,2328,36.8,1602,35.8,42996
13,89,GA,DeKalb County,118345,15.8,40458,23.8,31666,26.6,69545
13,91,GA,Dodge County,3980,21.4,1054,27.8,765,27.4,42683
13,93,GA,Dooly County,3040,27.0,741,35.2,510,32.2,45112
13,95,GA,Dougherty County,22686,27.4,7562,38.1,5403,37.9,40793
13,97,GA,Douglas County,16770,11.5,6065,16.5,4118,14.7,65269
13,99,GA,Early County,2371,24.0,883,36.2,624,34.8,39697
13,101,GA,Echols County,821,20.6,329,31.2,232,28.7,45378
13,103,GA,Effingham County,5293,8.1,1923,11.3,1393,10.9,77690
13,105,GA,Elbert County,4528,23.8,1583,38.0,1219,39.7,43553
13,107,GA,Emanuel County,5584,26.4,1892,34.3,1335,33.2,36243
13,109,GA,Evans County,2002,19.6,810,29.5,564,26.9,51018
13,111,GA,Fannin County,4111,15.6,1002,24.1,727,23.1,44730
13,113,GA,Fayette County,6079,5.3,1878,7.2,1390,6.6,98623
13,115,GA,Floyd County,17472,18.4,5747,26.2,4169,25.6,47423
13,117,GA,Forsyth County,12669,5.1,3565,5.4,2493,4.8,116690
13,119,GA,Franklin County,3708,16.3,1189,23.7,865,23.7,47706
13,121,GA,Fulton County,136220,13.0,39055,17.5,26104,15.9,71504
13,123,GA,Gilmer County,4437,14.0,1368,23.5,946,22.2,66066
13,125,GA,Glascock County,447,15.5,114,18.5,83,17.5,50800
13,127,GA,Glynn County,13107,15.5,4359,24.5,2886,22.0,59286
13,129,GA,Gordon County,6829,11.8,2035,15.0,1590,15.7,54915
13,131,GA,Grady County,4527,18.7,1631,27.4,1165,26.6,54601
13,133,GA,Greene County,2849,15.3,966,28.5,673,26.8,61857
13,135,GA,Gwinnett County,97747,10.4,33217,13.5,24690,13.2,73460
13,137,GA,Habersham County,5963,13.7,1684,16.8,1199,16.3,61071
13,139,GA,Hall County,25886,12.7,9686,19.6,6884,19.0,67735
13,141,GA,Hancock County,2202,30.7,516,41.2,380,39.3,36424
13,143,GA,Haralson County,4633,15.5,1437,20.0,942,18.0,51431
13,145,GA,Harris County,3195,9.0,847,11.1,620,10.5,81151
13,147,GA,Hart County,3711,14.4,1168,22.0,857,21.6,52401
13,149,GA,Heard County,1938,16.4,561,21.2,399,19.8,51532
13,151,GA,Henry County,20755,8.7,7796,13.1,5682,12.4,69620
13,153,GA,Houston County,17041,10.8,6298,15.6,4584,15.3,69442
13,155,GA,Irwin County,1720,20.9,586,30.9,421,30.4,47492
13,157,GA,Jackson County,6883,9.1,2149,11.4,1546,11.0,70960
13,159,GA,Jasper County,2015,14.0,716,21.6,527,20.8,57796
13,161,GA,Jeff Davis County,3003,20.0,1139,29.4,825,29.0,44417
13,163,GA,Jefferson County,3101,21.1,1165,33.1,806,31.7,40333
13,165,GA,Jenkins County,2111,28.0,614,35.7,428,34.4,38306
13,167,GA,Johnson County,2059,25.9,547,30.7,389,30.9,36358
13,169,GA,Jones County,3285,11.6,1072,16.6,776,15.6,64812
13,171,GA,Lamar County,2504,13.8,819,20.9,581,20.8,55024
13,173,GA,Lanier County,2046,19.6,808,31.9,554,30.0,35215
13,175,GA,Laurens County,9611,20.7,3557,31.0,2718,32.5,46690
13,177,GA,Lee County,2947,10.1,1149,14.7,842,14.1,74640
13,179,GA,Liberty County,8886,14.7,3907,22.6,2618,23.8,49788
13,181,GA,Lincoln County,1310,16.5,404,27.5,309,29.2,47883
13,183,GA,Long County,3303,16.7,1256,23.5,871,22.5,53841
13,185,GA,Lowndes County,22695,20.3,7651,27.3,5071,25.2,48864
13,187,GA,Lumpkin County,3896,12.5,927,16.2,675,16.1,63822
13,189,GA,McDuffie County,3490,16.7,1438,27.8,1130,29.5,48392
13,191,GA,McIntosh County,2847,19.9,698,32.0,499,30.9,48097
13,193,GA,Macon County,3362,31.1,870,38.0,614,37.1,35997
13,195,GA,Madison County,4366,14.5,1362,19.7,965,19.0,50619
13,197,GA,Marion County,1736,20.6,539,31.8,382,29.9,46792
13,199,GA,Meriwether County,4617,22.1,1441,33.3,945,30.1,45095
13,201,GA,Miller County,1091,19.8,367,29.0,263,28.5,51855
13,205,GA,Mitchell County,7426,38.2,2333,50.1,1620,46.3,38256
13,207,GA,Monroe County,3447,12.8,1007,17.9,743,17.5,65599
13,209,GA,Montgomery County,1577,19.3,455,26.0,324,25.2,47074
13,211,GA,Morgan County,2251,11.6,782,18.1,564,17.6,68343
13,213,GA,Murray County,6319,15.9,2212,23.3,1436,20.4,58761
13,215,GA,Muscogee County,40029,21.1,14183,29.8,9552,28.1,44959
13,217,GA,Newton County,15997,14.4,6098,21.4,4482,20.9,62183
13,219,GA,Oconee County,2468,6.0,724,6.8,505,5.9,104519
13,221,GA,Oglethorpe County,2022,13.4,639,20.6,466,20.2,55678
13,223,GA,Paulding County,12612,7.3,4324,9.9,3131,9.5,77755
13,225,GA,Peach County,5114,19.2,1633,28.6,1089,26.3,51531
13,227,GA,Pickens County,3423,10.5,1126,18.0,813,17.4,69781
13,229,GA,Pierce County,3196,16.5,1130,24.0,786,22.8,51696
13,231,GA,Pike County,1902,10.1,544,12.5,405,12.1,64986
13,233,GA,Polk County,6912,16.3,2402,22.6,1786,23.0,51040
13,235,GA,Pulaski County,2027,20.4,547,27.6,407,27.0,44019
13,237,GA,Putnam County,3648,16.3,1181,27.3,832,26.0,56104
13,239,GA,Quitman County,523,23.1,164,40.3,119,41.2,37735
13,241,GA,Rabun County,2341,13.8,618,22.6,434,22.7,53038
13,243,GA,Randolph County,1749,27.4,517,38.9,377,37.1,36064
13,245,GA,Richmond County,48382,25.5,17159,38.7,12061,38.8,43942
13,247,GA,Rockdale County,11464,12.7,4414,20.5,3100,18.9,61332
13,249,GA,Schley County,779,15.0,263,21.8,190,20.1,53163
13,251,GA,Screven County,2793,20.7,838,30.5,628,32.7,44061
13,253,GA,Seminole County,1832,22.9,545,34.2,394,33.1,41778
13,255,GA,Spalding County,11835,17.9,3965,25.6,2963,26.5,51019
13,257,GA,Stephens County,4297,16.9,1316,22.9,923,22.2,46626
13,259,GA,Stewart County,1561,31.3,214,31.6,156,31.0,40205
13,261,GA,Sumter County,6726,24.3,2363,36.4,1592,33.6,42653
13,263,GA,Talbot County,1274,20.8,351,35.9,259,37.0,44458
13,265,GA,Taliaferro County,362,23.2,87,33.2,67,36.2,28004
13,267,GA,Tattnall County,4330,20.7,1426,28.1,1018,26.5,45191
13,269,GA,Taylor County,1831,23.2,513,32.5,372,32.3,38783
13,271,GA,Telfair County,3774,29.9,801,32.8,573,31.7,38161
13,273,GA,Terrell County,2287,27.8,861,45.0,608,42.6,39433
13,275,GA,Thomas County,7072,16.2,2433,23.6,1704,22.5,57969
13,277,GA,Tift County,7999,20.5,2962,29.9,2128,29.6,45093
13,279,GA,Toombs County,5919,22.2,2311,33.2,1623,31.9,42165
13,281,GA,Towns County,1455,13.2,302,19.8,227,20.9,43640
13,283,GA,Treutlen County,1501,23.4,480,31.2,336,29.2,40834
13,285,GA,Troup County,11136,16.4,3845,23.1,2796,23.1,51799
13,287,GA,Turner County,1667,22.2,735,37.9,532,38.7,46042
13,289,GA,Twiggs County,1593,20.0,441,29.0,323,28.2,46444
13,291,GA,Union County,3219,12.9,806,21.4,594,20.8,50653
13,293,GA,Upson County,3969,15.2,1630,28.0,1173,27.7,48233
13,295,GA,Walker County,9650,14.1,2744,18.7,1942,17.9,49388
13,297,GA,Walton County,10898,11.4,3621,15.8,2576,14.9,71390
13,299,GA,Ware County,8660,26.0,3442,39.8,2219,35.7,39994
13,301,GA,Warren County,1204,23.4,405,39.1,299,39.4,40422
13,303,GA,Washington County,3887,21.3,1225,28.8,883,27.9,43309
13,305,GA,Wayne County,5497,19.7,1952,27.8,1414,27.1,48885
13,307,GA,Webster County,482,18.6,132,28.0,96,27.4,45381
13,309,GA,Wheeler County,1864,35.6,418,33.7,292,32.3,36671
13,311,GA,White County,3778,12.5,1164,19.5,798,17.8,58831
13,313,GA,Whitfield County,13347,13.0,4606,17.7,3148,16.2,56249
13,315,GA,Wilcox County,1851,27.9,495,31.8,354,30.9,40856
13,317,GA,Wilkes County,1919,20.2,623,31.9,460,31.6,42071
13,319,GA,Wilkinson County,1732,20.1,610,32.0,439,31.0,44068
13,321,GA,Worth County,3590,18.2,1259,29.2,932,28.9,47907
15,0,HI,Hawaii,121182,8.9,29682,10.4,20055,9.8,86878
15,1,HI,Hawaii County,24301,12.2,6718,16.1,4880,16.0,70313
15,3,HI,Honolulu County,74186,8.0,17766,9.1,11556,8.4,89584
15,7,HI,Kauai County,7005,9.9,1516,10.1,1127,10.3,80517
15,9,HI,Maui County,15690,9.5,3681,10.6,2492,9.8,80763
16,0,ID,Idaho,181197,10.1,51193,11.6,34060,10.4,62603
16,1,ID,Ada County,37356,7.7,7733,7.0,5163,6.2,73324
16,3,ID,Adams County,606,13.7,164,22.3,115,21.2,49967
16,5,ID,Bannock County,10592,12.2,3064,13.7,2120,13.0,54538
16,7,ID,Bear Lake County,579,9.5,189,11.8,136,11.4,55689
16,9,ID,Benewah County,1167,12.5,357,17.7,242,15.8,53014
16,11,ID,Bingham County,5207,11.1,1693,12.2,1140,10.8,65658
16,13,ID,Blaine County,1603,6.9,365,7.7,250,6.8,76301
16,15,ID,Boise County,919,11.5,207,17.2,144,15.7,55583
16,17,ID,Bonner County,5859,12.6,1508,17.1,1036,15.8,55241
16,19,ID,Bonneville County,11709,9.7,4536,12.5,2991,11.2,67294
16,21,ID,Boundary County,1758,14.0,582,20.3,418,20.3,52193
16,23,ID,Butte County,373,14.2,107,17.6,71,15.0,52081
16,25,ID,Camas County,94,8.3,24,9.6,15,7.2,59409
16,27,ID,Canyon County,24648,10.6,7909,12.5,5079,10.9,57886
16,29,ID,Caribou County,556,7.9,236,11.9,161,10.8,63719
16,31,ID,Cassia County,2425,10.1,927,12.5,631,11.6,64591
16,33,ID,Clark County,99,11.6,39,20.2,27,19.7,52182
16,35,ID,Clearwater County,1129,14.0,295,23.6,206,22.1,45377
16,37,ID,Custer County,538,12.7,135,19.3,97,18.6,53278
16,39,ID,Elmore County,3132,11.7,1037,15.5,709,15.5,49450
16,41,ID,Franklin County,1078,7.7,420,9.7,313,9.5,65396
16,43,ID,Fremont County,1600,12.6,517,17.0,332,14.8,58658
16,45,ID,Gem County,2036,11.0,649,15.6,450,14.6,60526
16,47,ID,Gooding County,1747,11.2,685,16.5,476,15.4,57728
16,49,ID,Idaho County,2138,13.1,589,18.5,414,17.4,51201
16,51,ID,Jefferson County,2586,8.5,977,9.8,695,9.2,66806
16,53,ID,Jerome County,2990,12.3,1104,15.3,792,14.9,57342
16,55,ID,Kootenai County,14595,8.6,3724,9.9,2268,8.2,66959
16,57,ID,Latah County,5840,15.3,783,10.7,504,9.6,59834
16,59,ID,Lemhi County,1222,15.3,321,22.3,216,20.8,48908
16,61,ID,Lewis County,492,12.9,161,19.5,110,17.4,52255
16,63,ID,Lincoln County,602,11.4,222,15.7,152,14.2,58806
16,65,ID,Madison County,5659,14.3,1115,10.5,737,11.0,53727
16,67,ID,Minidoka County,2940,14.0,1140,19.0,763,17.3,56022
16,69,ID,Nez Perce County,4597,11.6,1063,12.7,701,11.6,57839
16,71,ID,Oneida County,431,9.7,152,12.5,109,12.0,69357
16,73,ID,Owyhee County,1630,13.6,564,19.2,394,18.2,53910
16,75,ID,Payette County,2824,11.5,900,14.4,618,13.5,60177
16,77,ID,Power County,942,12.4,386,16.8,272,16.0,45404
16,79,ID,Shoshone County,1832,14.4,535,21.0,350,19.6,44336
16,81,ID,Teton County,921,7.4,289,10.1,195,9.0,74935
16,83,ID,Twin Falls County,9684,11.1,3101,13.3,1974,11.5,54995
16,85,ID,Valley County,1013,8.7,234,11.3,165,10.6,62600
16,87,ID,Washington County,1448,14.2,455,20.0,309,18.0,49186
17,0,IL,Illinois,1351159,11.0,377680,13.9,268581,13.4,71243
17,1,IL,Adams County,6735,10.7,1870,13.2,1296,12.6,57434
17,3,IL,Alexander County,1312,24.2,407,36.5,316,36.9,38315
17,5,IL,Bond County,1586,10.8,441,14.7,305,13.4,58209
17,7,IL,Boone County,3559,6.8,1313,10.6,918,9.5,82318
17,9,IL,Brown County,757,16.7,116,11.3,82,11.5,52277
17,11,IL,Bureau County,3191,10.0,935,14.1,653,13.1,57728
17,13,IL,Calhoun County,418,9.2,106,11.9,76,11.0,61648
17,15,IL,Carroll County,1463,10.5,407,15.1,284,14.2,53965
17,17,IL,Cass County,1425,12.2,437,15.5,303,15.1,54205
17,19,IL,Champaign County,29150,15.1,5942,15.4,3987,14.5,64387
17,21,IL,Christian County,3003,9.9,929,14.9,652,14.1,56656
17,23,IL,Clark County,1563,10.4,492,14.8,353,14.5,59633
17,25,IL,Clay County,1712,13.3,539,18.5,402,18.9,59602
17,27,IL,Clinton County,2501,7.1,580,7.5,450,8.0,71883
17,29,IL,Coles County,8284,17.5,1526,17.5,1140,18.1,46900
17,31,IL,Cook County,646192,12.9,178823,16.6,129344,16.5,71611
17,33,IL,Crawford County,1876,11.0,522,14.6,386,14.8,57632
17,35,IL,Cumberland County,931,8.9,263,11.3,180,10.5,68683
17,37,IL,DeKalb County,10691,10.8,2433,11.2,1740,10.8,68546
17,39,IL,De Witt County,1489,9.9,415,13.2,291,12.7,65526
17,41,IL,Douglas County,1576,8.2,538,11.5,364,10.6,63003
17,43,IL,DuPage County,53259,5.9,12794,6.3,8925,5.9,92101
17,45,IL,Edgar County,1933,11.7,573,17.6,411,17.5,52668
17,47,IL,Edwards County,676,10.7,197,13.9,139,13.7,55832
17,49,IL,Effingham County,3128,9.3,906,11.4,602,10.5,65172
17,51,IL,Fayette County,2884,14.7,793,18.6,551,17.9,49030
17,53,IL,Ford County,1180,9.5,387,13.5,257,12.2,58478
17,55,IL,Franklin County,5795,15.5,1711,21.0,1235,20.9,49834
17,57,IL,Fulton County,4091,13.2,1043,16.5,747,15.9,48828
17,59,IL,Gallatin County,743,15.6,196,21.1,144,20.3,44282
17,61,IL,Greene County,1641,13.3,456,17.3,325,16.6,51242
17,63,IL,Grundy County,3009,5.9,918,7.4,669,7.1,74935
17,65,IL,Hamilton County,1040,13.0,328,19.1,224,17.5,49302
17,67,IL,Hancock County,1918,11.2,557,15.6,398,15.0,54076
17,69,IL,Hardin County,684,18.0,179,27.8,126,26.5,39674
17,71,IL,Henderson County,687,10.6,169,14.5,122,14.4,58577
17,73,IL,Henry County,4583,9.6,1266,12.4,878,11.3,63859
17,75,IL,Iroquois County,2923,11.2,781,14.0,562,13.8,53633
17,77,IL,Jackson County,9154,17.2,2448,24.2,1715,24.0,45608
17,79,IL,Jasper County,898,9.6,269,12.8,190,12.4,57969
17,81,IL,Jefferson County,4369,12.5,1513,18.8,1123,19.3,58114
17,83,IL,Jersey County,1775,8.5,504,11.8,357,11.2,69341
17,85,IL,Jo Daviess County,1906,9.1,445,11.6,340,11.5,56446
17,87,IL,Johnson County,1645,14.9,368,16.5,257,15.5,51607
17,89,IL,Kane County,38218,7.3,11387,8.9,7801,8.1,83784
17,91,IL,Kankakee County,14004,13.6,4101,17.3,3025,17.3,57413
17,93,IL,Kendall County,5078,3.9,1446,4.0,1069,3.9,97263
17,95,IL,Knox County,6027,13.4,1734,18.3,1214,18.2,52881
17,97,IL,Lake County,46919,7.0,13399,8.3,10437,8.5,100325
17,99,IL,La Salle County,11840,11.4,3428,15.5,2363,14.3,62714
17,101,IL,Lawrence County,2147,16.5,500,17.7,388,18.2,47408
17,103,IL,Lee County,3247,10.6,809,12.7,583,12.4,64310
17,105,IL,Livingston County,3274,9.9,966,12.9,690,12.8,66274
17,107,IL,Logan County,2812,11.6,767,14.6,551,14.3,65255
17,109,IL,McDonough County,4363,16.8,912,18.8,605,17.1,52155
17,111,IL,McHenry County,18998,6.3,5004,7.3,3394,6.4,89730
17,113,IL,McLean County,17168,10.7,3473,9.8,2406,9.2,71919
17,115,IL,Macon County,12674,12.8,4016,18.0,2905,18.1,57601
17,117,IL,Macoupin County,4707,10.8,1320,14.5,939,13.9,53312
17,119,IL,Madison County,28469,11.0,6976,12.6,4769,11.6,63903
17,121,IL,Marion County,5125,14.2,1749,20.9,1101,18.2,52019
17,123,IL,Marshall County,1025,9.3,277,12.3,198,12.0,54022
17,125,IL,Mason County,1728,13.4,529,20.0,371,18.7,53503
17,127,IL,Massac County,1978,14.8,657,22.9,473,22.2,49054
17,129,IL,Menard County,937,7.9,278,10.8,197,10.2,69749
17,131,IL,Mercer County,1317,8.8,380,12.1,274,11.5,62857
17,133,IL,Monroe County,1400,4.1,260,3.5,170,3.1,90880
17,135,IL,Montgomery County,3436,13.5,942,17.1,646,16.1,59497
17,137,IL,Morgan County,3755,12.4,903,15.1,654,15.1,54764
17,139,IL,Moultrie County,1265,9.1,413,11.8,292,11.0,61022
17,141,IL,Ogle County,4132,8.3,1219,11.1,863,10.5,71470
17,143,IL,Peoria County,24583,14.2,8100,19.7,5295,18.1,53506
17,145,IL,Perry County,2732,15.1,641,16.5,427,14.6,55132
17,147,IL,Piatt County,1034,6.4,252,7.1,174,6.6,69521
17,149,IL,Pike County,1983,13.5,602,18.1,426,17.9,48815
17,151,IL,Pope County,630,15.6,101,22.9,78,24.8,49071
17,153,IL,Pulaski County,1056,20.4,343,31.6,237,28.8,40481
17,155,IL,Putnam County,413,7.3,126,11.5,92,10.8,70070
17,157,IL,Randolph County,3251,12.0,907,15.5,633,14.8,56867
17,159,IL,Richland County,1794,11.9,540,15.7,382,15.0,56900
17,161,IL,Rock Island County,18365,13.5,5762,18.8,4054,18.2,58022
17,163,IL,St. Clair County,35007,13.8,11347,19.3,7749,18.0,61863
17,165,IL,Saline County,3414,15.3,985,21.4,704,21.5,45793
17,167,IL,Sangamon County,24310,12.8,6735,16.2,4684,15.3,60541
17,169,IL,Schuyler County,778,11.7,168,14.6,124,14.5,53686
17,171,IL,Scott County,525,10.8,178,17.3,132,16.6,59285
17,173,IL,Shelby County,1879,8.9,529,12.0,374,11.4,64508
17,175,IL,Stark County,558,10.8,170,15.4,119,14.7,54219
17,177,IL,Stephenson County,4794,11.2,1552,17.2,1099,16.5,57952
17,179,IL,Tazewell County,9695,7.6,2666,9.3,1855,8.6,69874
17,181,IL,Union County,2282,14.0,632,18.6,443,17.6,55736
17,183,IL,Vermilion County,13397,18.6,4982,29.2,3143,25.2,49678
17,185,IL,Wabash County,1295,11.7,334,13.9,232,13.3,56190
17,187,IL,Warren County,1670,10.7,498,14.2,371,14.9,57964
17,189,IL,Washington County,1030,7.6,256,9.1,182,8.8,69386
17,191,IL,Wayne County,2052,12.9,673,19.0,473,18.3,49649
17,193,IL,White County,1993,15.4,577,20.4,400,18.9,46080
17,195,IL,Whiteside County,4872,9.1,1601,13.8,1158,13.6,64413
17,197,IL,Will County,48881,7.2,14786,9.0,10478,8.4,90349
17,199,IL,Williamson County,8914,13.9,2520,18.0,1788,17.3,59174
17,201,IL,Winnebago County,40305,14.6,12834,20.1,8651,18.6,54971
17,203,IL,Woodford County,2281,6.2,599,6.7,427,6.2,72980
18,0,IN,Indiana,760167,11.6,228832,14.9,154493,13.7,60794
18,1,IN,Adams County,4154,11.8,2296,20.9,1606,20.6,58602
18,3,IN,Allen County,42833,11.4,15114,15.9,9735,14.1,61039
18,5,IN,Bartholomew County,7566,9.1,2182,11.1,1456,10.2,70545
18,7,IN,Benton County,924,10.7,353,16.6,210,13.2,59663
18,9,IN,Blackford County,1555,13.4,484,19.4,356,19.5,49105
18,11,IN,Boone County,3547,5.2,810,4.6,559,4.2,92302
18,13,IN,Brown County,1473,9.9,366,14.5,260,13.6,70930
18,15,IN,Carroll County,1567,7.8,448,10.4,322,10.1,62388
18,17,IN,Cass County,3912,10.7,1205,14.9,811,13.6,50419
18,19,IN,Clark County,10131,8.6,2534,9.8,1789,9.6,65555
18,21,IN,Clay County,2535,9.8,983,16.7,656,15.3,56422
18,23,IN,Clinton County,3124,10.0,1106,13.4,754,12.3,59503
18,25,IN,Crawford County,1646,15.6,524,23.1,351,21.1,46884
18,27,IN,Daviess County,3582,10.9,1442,14.9,972,13.9,53101
18,29,IN,Dearborn County,3813,7.8,1020,9.5,702,8.7,73459
18,31,IN,Decatur County,2620,10.0,723,11.7,480,10.7,61561
18,33,IN,De Kalb County,3779,8.8,1176,11.4,761,10.2,62411
18,35,IN,Delaware County,20399,19.4,4076,20.9,2861,20.1,46612
18,37,IN,Dubois County,2799,6.7,710,7.0,478,6.4,64120
18,39,IN,Elkhart County,19761,9.8,7014,12.7,4689,11.7,66801
18,41,IN,Fayette County,3031,13.5,861,17.7,573,16.2,53616
18,43,IN,Floyd County,8922,11.5,2981,17.0,1701,13.1,70610
18,45,IN,Fountain County,1781,10.9,460,13.2,310,12.3,55627
18,47,IN,Franklin County,1732,7.7,519,10.3,359,9.7,71828
18,49,IN,Fulton County,2364,12.0,913,19.8,645,19.2,55895
18,51,IN,Gibson County,3050,9.3,915,11.6,635,10.9,59074
18,53,IN,Grant County,10081,16.7,3150,23.8,1967,20.6,49788
18,55,IN,Greene County,3569,11.2,1097,16.1,766,15.3,55213
18,57,IN,Hamilton County,14489,4.2,4039,4.6,2680,3.9,96359
18,59,IN,Hancock County,4018,5.1,1054,5.8,738,5.4,77916
18,61,IN,Harrison County,3544,8.8,1010,11.5,716,10.8,62082
18,63,IN,Hendricks County,8692,5.2,2277,5.5,1605,5.0,86905
18,65,IN,Henry County,4811,10.8,1253,13.2,866,12.2,54002
18,67,IN,Howard County,9390,11.5,2954,16.2,2094,15.7,59309
18,69,IN,Huntington County,3187,9.1,848,11.0,590,10.5,59252
18,71,IN,Jackson County,4489,10.3,1184,11.2,813,10.8,62415
18,73,IN,Jasper County,2697,8.3,777,10.5,556,10.0,70662
18,75,IN,Jay County,2795,13.9,1137,22.5,760,21.0,42504
18,77,IN,Jefferson County,3798,12.7,990,15.9,677,15.4,55588
18,79,IN,Jennings County,2941,10.8,1001,16.3,703,15.5,60526
18,81,IN,Johnson County,10537,6.7,3021,7.9,2013,7.0,76868
18,83,IN,Knox County,5506,15.9,1429,19.0,942,17.2,44842
18,85,IN,Kosciusko County,6343,8.2,1825,10.1,1274,9.6,62269
18,87,IN,Lagrange County,3498,8.8,1575,12.5,1105,12.2,72513
18,89,IN,Lake County,75936,15.8,28009,25.2,19282,23.3,59158
18,91,IN,La Porte County,12524,12.1,4010,17.6,2679,16.2,63999
18,93,IN,Lawrence County,5275,11.8,1465,15.3,1002,14.2,63904
18,95,IN,Madison County,14937,12.1,4177,15.6,2902,14.7,51718
18,97,IN,Marion County,135820,14.4,44258,19.1,29438,17.9,56185
18,99,IN,Marshall County,4230,9.3,1309,11.8,891,10.7,57657
18,101,IN,Martin County,1108,11.2,305,14.1,214,13.5,46486
18,103,IN,Miami County,4173,13.1,1354,18.7,901,16.6,54439
18,105,IN,Monroe County,24316,18.2,3092,13.7,2208,13.5,61808
18,107,IN,Montgomery County,4015,10.8,1158,13.6,797,12.6,58867
18,109,IN,Morgan County,5939,8.5,1700,11.1,1201,10.5,67004
18,111,IN,Newton County,1434,10.5,423,14.8,299,14.3,59246
18,113,IN,Noble County,4662,9.9,1448,12.8,995,12.0,62173
18,115,IN,Ohio County,570,9.8,165,14.6,107,12.8,63210
18,117,IN,Orange County,2513,13.0,817,18.7,575,18.3,52029
18,119,IN,Owen County,2406,11.7,711,17.0,493,16.2,53893
18,121,IN,Parke County,2184,14.3,728,20.6,501,19.7,54125
18,123,IN,Perry County,2160,12.3,522,13.1,354,12.1,44011
18,125,IN,Pike County,1182,9.7,305,11.4,205,10.6,58220
18,127,IN,Porter County,14436,8.6,3585,9.9,2549,9.3,78732
18,129,IN,Posey County,2327,9.3,557,10.2,379,9.3,63801
18,131,IN,Pulaski County,1360,11.2,414,15.5,291,14.4,52609
18,133,IN,Putnam County,3672,11.3,909,13.0,627,12.1,66613
18,135,IN,Randolph County,2944,12.4,977,18.5,683,17.5,67178
18,137,IN,Ripley County,2658,9.5,813,12.3,550,11.5,58849
18,139,IN,Rush County,1582,9.7,475,13.1,352,13.0,67318
18,141,IN,St. Joseph County,33070,12.7,9864,16.0,6937,15.5,60070
18,143,IN,Scott County,3244,13.9,940,18.1,662,17.2,59286
18,145,IN,Shelby County,4149,9.4,1166,11.8,807,11.0,59252
18,147,IN,Spencer County,1574,7.9,395,9.3,276,8.5,66667
18,149,IN,Starke County,3255,14.2,1035,20.2,737,19.4,51996
18,151,IN,Steuben County,3210,9.6,922,13.4,640,12.9,62273
18,153,IN,Sullivan County,2823,15.5,695,18.4,475,17.2,45227
18,155,IN,Switzerland County,1485,14.0,518,20.7,349,18.3,55618
18,157,IN,Tippecanoe County,28815,16.1,5658,14.5,3557,12.6,52806
18,159,IN,Tipton County,1093,7.3,270,8.8,192,8.5,76368
18,161,IN,Union County,706,10.0,220,15.1,154,14.3,59098
18,163,IN,Vanderburgh County,25669,14.6,6739,17.6,4557,16.4,49482
18,165,IN,Vermillion County,1795,11.9,524,15.9,358,14.7,52433
18,167,IN,Vigo County,20134,20.7,5928,28.4,3750,24.7,45897
18,169,IN,Wabash County,3075,10.6,818,13.6,539,12.3,55750
18,171,IN,Warren County,655,8.1,215,12.3,148,11.0,68135
18,173,IN,Warrick County,3990,6.4,1091,7.5,761,6.8,82453
18,175,IN,Washington County,3722,13.4,1118,18.0,780,16.8,49494
18,177,IN,Wayne County,9531,15.1,3097,21.8,2012,19.6,49798
18,179,IN,Wells County,2254,8.2,725,10.7,477,9.6,66597
18,181,IN,White County,2147,9.0,713,13.0,483,12.1,57787
18,183,IN,Whitley County,2426,7.2,659,8.6,471,8.3,61841
19,0,IA,Iowa,313752,10.2,85187,12.0,57465,11.1,62362
19,1,IA,Adair County,741,10.8,220,14.3,155,14.4,55265
19,3,IA,Adams County,386,10.8,120,16.0,84,14.9,56291
19,5,IA,Allamakee County,1454,10.9,520,16.6,361,16.4,55320
19,7,IA,Appanoose County,1791,14.6,537,19.7,368,18.3,49737
19,9,IA,Audubon County,516,9.6,168,14.7,114,14.0,56338
19,11,IA,Benton County,1876,7.5,472,8.2,317,7.5,72308
19,13,IA,Black Hawk County,15410,12.2,3888,14.0,2602,13.1,56091
19,15,IA,Boone County,1762,6.9,416,8.0,288,7.6,70656
19,17,IA,Bremer County,1323,5.6,318,5.7,234,5.6,74596
19,19,IA,Buchanan County,1736,8.3,677,12.8,481,12.4,66852
19,21,IA,Buena Vista County,1723,9.1,611,12.0,432,11.9,61189
19,23,IA,Butler County,1184,8.4,287,9.1,197,8.2,54822
19,25,IA,Calhoun County,876,10.0,244,12.3,174,11.7,62000
19,27,IA,Carroll County,1373,7.0,385,8.1,266,7.6,61701
19,29,IA,Cass County,1349,10.8,390,13.9,270,12.7,55301
19,31,IA,Cedar County,1326,7.3,291,7.5,203,6.9,68592
19,33,IA,Cerro Gordo County,4357,10.6,1119,13.1,759,12.1,57659
19,35,IA,Cherokee County,975,9.0,257,10.8,178,10.1,61360
19,37,IA,Chickasaw County,978,8.3,275,10.2,195,9.8,63869
19,39,IA,Clarke County,1021,11.1,363,15.4,240,13.7,69923
19,41,IA,Clay County,1275,8.1,373,10.5,245,9.5,59940
19,43,IA,Clayton County,1769,10.4,450,12.7,299,11.4,56256
19,45,IA,Clinton County,5717,12.5,1675,16.4,1053,14.1,56017
19,47,IA,Crawford County,2069,12.5,591,14.4,391,13.3,56707
19,49,IA,Dallas County,4207,4.4,1167,4.5,799,4.2,92025
19,51,IA,Davis County,1044,11.7,456,17.2,317,17.1,57225
19,53,IA,Decatur County,1201,16.9,387,22.8,272,22.0,46373
19,55,IA,Delaware County,1412,8.4,380,9.8,271,9.3,66364
19,57,IA,Des Moines County,4953,13.0,1579,18.6,949,15.2,55153
19,59,IA,Dickinson County,1158,6.7,262,7.9,163,6.7,67477
19,61,IA,Dubuque County,8322,8.9,2256,10.4,1480,9.4,65986
19,63,IA,Emmet County,878,10.2,239,14.1,174,14.2,57652
19,65,IA,Fayette County,2174,11.8,575,14.5,396,13.6,53254
19,67,IA,Floyd County,1421,9.3,493,14.3,345,13.9,60790
19,69,IA,Franklin County,1026,10.5,336,14.9,237,14.3,59596
19,71,IA,Fremont County,601,9.1,193,13.2,135,12.6,62234
19,73,IA,Greene County,932,10.7,250,12.9,162,11.5,54857
19,75,IA,Grundy County,666,5.5,165,6.0,117,5.7,71837
19,77,IA,Guthrie County,904,8.5,242,10.8,169,10.0,65344
19,79,IA,Hamilton County,1164,8.1,358,10.8,250,10.4,61650
19,81,IA,Hancock County,837,8.1,225,10.2,157,9.7,58053
19,83,IA,Hardin County,1520,9.6,369,12.4,272,12.5,58502
19,85,IA,Harrison County,1129,8.3,353,11.2,246,10.5,63118
19,87,IA,Henry County,1948,10.8,539,13.3,363,12.2,56260
19,89,IA,Howard County,942,10.5,304,13.4,204,12.3,60034
19,91,IA,Humboldt County,823,8.8,249,11.3,167,10.2,62071
19,93,IA,Ida County,690,10.3,223,13.6,152,12.3,56096
19,95,IA,Iowa County,1013,6.4,250,6.8,172,6.2,67820
19,97,IA,Jackson County,2156,11.4,613,14.9,425,14.1,61538
19,99,IA,Jasper County,2999,8.5,782,9.7,555,9.3,63458
19,101,IA,Jefferson County,2487,14.8,509,18.3,350,17.5,52830
19,103,IA,Johnson County,20522,14.1,2978,10.0,1917,9.0,68790
19,105,IA,Jones County,1913,9.9,462,10.9,313,9.9,61736
19,107,IA,Keokuk County,1360,13.7,399,17.8,261,15.7,54790
19,109,IA,Kossuth County,1439,10.0,369,11.6,251,10.8,65006
19,111,IA,Lee County,3689,11.5,1129,16.2,789,15.7,58619
19,113,IA,Linn County,18011,8.1,4791,9.5,3289,8.9,69559
19,115,IA,Louisa County,989,9.1,279,11.5,193,11.0,72404
19,117,IA,Lucas County,1140,13.5,405,21.4,288,21.4,48662
19,119,IA,Lyon County,726,6.3,237,7.3,172,7.3,67280
19,121,IA,Madison County,1218,7.5,353,8.8,243,7.8,75563
19,123,IA,Mahaska County,2183,10.2,579,11.2,379,10.2,59704
19,125,IA,Marion County,2562,8.0,629,8.3,442,7.7,64327
19,127,IA,Marshall County,3849,10.1,1247,12.8,856,11.8,64341
19,129,IA,Mills County,1186,8.3,327,10.0,210,8.2,76010
19,131,IA,Mitchell County,929,8.9,343,13.9,242,13.1,67127
19,133,IA,Monona County,922,11.0,267,14.2,186,13.7,58079
19,135,IA,Monroe County,868,11.4,266,15.1,185,14.2,58297
19,137,IA,Montgomery County,1125,11.6,382,17.4,255,16.1,54767
19,139,IA,Muscatine County,4258,10.2,1274,12.5,832,11.2,62877
19,141,IA,O'Brien County,1117,8.4,311,9.8,212,9.1,63559
19,143,IA,Osceola County,464,7.9,147,10.9,107,10.6,63695
19,145,IA,Page County,1785,13.2,437,17.2,288,15.6,52739
19,147,IA,Palo Alto County,817,9.5,233,11.6,162,11.1,63164
19,149,IA,Plymouth County,1497,6.0,493,8.0,340,7.4,72261
19,151,IA,Pocahontas County,662,10.2,216,14.7,153,14.2,56360
19,153,IA,Polk County,55560,11.5,16405,13.8,11005,12.8,67821
19,155,IA,Pottawattamie County,8407,9.2,2498,11.8,1617,10.4,61607
19,157,IA,Poweshiek County,1945,11.6,401,11.3,268,10.0,60023
19,159,IA,Ringgold County,615,13.3,230,21.5,160,19.9,53466
19,161,IA,Sac County,987,10.5,300,14.0,198,12.5,54107
19,163,IA,Scott County,20606,12.1,6347,16.0,4086,14.0,67038
19,165,IA,Shelby County,934,8.3,237,9.4,167,8.6,54234
19,167,IA,Sioux County,2114,6.5,576,6.2,398,5.8,74868
19,169,IA,Story County,10920,12.4,1127,7.2,702,6.1,61341
19,171,IA,Tama County,1772,10.8,632,15.9,415,14.3,58329
19,173,IA,Taylor County,634,10.5,198,14.3,135,12.9,70519
19,175,IA,Union County,1422,12.1,434,16.2,295,14.7,48862
19,177,IA,Van Buren County,1013,14.4,382,23.5,266,23.1,51908
19,179,IA,Wapello County,5256,15.5,1402,18.0,975,17.7,49060
19,181,IA,Warren County,2497,4.9,693,5.5,465,4.9,82206
19,183,IA,Washington County,1526,7.1,660,12.4,455,11.8,65061
19,185,IA,Wayne County,822,13.0,351,21.3,249,20.8,52016
19,187,IA,Webster County,4122,12.4,801,10.6,649,12.0,58355
19,189,IA,Winnebago County,905,9.3,284,12.9,203,12.1,52706
19,191,IA,Winneshiek County,1645,9.2,300,8.4,214,7.9,61813
19,193,IA,Woodbury County,11311,11.3,3345,12.8,2335,12.2,60553
19,195,IA,Worth County,616,8.5,181,11.9,128,12.0,54474
19,197,IA,Wright County,1302,10.7,451,15.3,310,14.7,57133
20,0,KS,Kansas,300931,10.6,88491,13.0,59792,11.9,63214
20,1,KS,Allen County,1728,14.5,527,19.7,360,18.7,48616
20,3,KS,Anderson County,991,12.7,320,15.9,219,14.7,53936
20,5,KS,Atchison County,1945,13.1,530,14.9,368,13.8,56691
20,7,KS,Barber County,518,12.0,179,18.2,123,17.4,52749
20,9,KS,Barton County,3159,12.7,888,15.0,579,13.3,51149
20,11,KS,Bourbon County,2016,14.5,760,21.0,512,19.0,49821
20,13,KS,Brown County,1221,13.0,389,16.4,276,16.1,49483
20,15,KS,Butler County,5576,8.7,1546,9.4,1053,8.4,71827
20,17,KS,Chase County,246,10.1,65,12.8,46,12.2,57338
20,19,KS,Chautauqua County,574,18.3,172,25.9,128,26.8,43155
20,21,KS,Cherokee County,2779,14.3,858,19.6,592,18.5,48336
20,23,KS,Cheyenne County,299,11.8,104,20.0,72,19.7,50623
20,25,KS,Clark County,209,11.0,68,14.3,45,12.7,58365
20,27,KS,Clay County,767,9.8,231,12.5,164,11.9,53119
20,29,KS,Cloud County,990,12.1,297,15.3,207,14.6,55001
20,31,KS,Coffey County,770,9.6,178,10.6,122,9.6,59142
20,33,KS,Comanche County,180,11.2,66,17.2,43,14.3,49314
20,35,KS,Cowley County,4564,14.0,1462,18.7,982,16.8,51398
20,37,KS,Crawford County,6118,16.6,1570,19.2,1102,18.7,46714
20,39,KS,Decatur County,333,12.4,103,19.4,74,19.2,48189
20,41,KS,Dickinson County,1760,9.8,514,12.7,363,11.7,56755
20,43,KS,Doniphan County,906,12.9,199,12.9,136,12.2,57012
20,45,KS,Douglas County,13420,11.8,1950,9.1,1311,8.3,65149
20,47,KS,Edwards County,293,10.8,93,15.3,63,13.7,51756
20,49,KS,Elk County,372,15.1,146,25.5,107,24.9,45974
20,51,KS,Ellis County,4397,16.0,698,11.8,467,10.6,55505
20,53,KS,Ellsworth County,535,10.6,122,12.0,87,11.4,53443
20,55,KS,Finney County,4290,12.2,1659,15.8,1112,14.8,65023
20,57,KS,Ford County,3323,10.3,1121,11.7,803,11.7,54442
20,59,KS,Franklin County,2231,8.9,636,10.9,469,10.8,60899
20,61,KS,Geary County,3914,12.5,1701,17.4,1113,18.6,50102
20,63,KS,Gove County,258,10.1,110,17.5,78,17.0,57676
20,65,KS,Graham County,294,12.5,73,14.5,49,12.0,47104
20,67,KS,Grant County,705,10.1,315,15.0,222,14.3,67764
20,69,KS,Gray County,409,7.0,140,8.4,90,7.1,72095
20,71,KS,Greeley County,117,10.0,44,14.0,31,12.9,66089
20,73,KS,Greenwood County,730,12.7,251,20.5,166,17.7,50399
20,75,KS,Hamilton County,251,10.4,101,15.7,71,14.2,61342
20,77,KS,Harper County,682,13.2,235,18.2,162,17.0,48275
20,79,KS,Harvey County,3049,9.3,817,10.2,558,9.1,63861
20,81,KS,Haskell County,396,10.2,169,15.6,110,13.8,66053
20,83,KS,Hodgeman County,159,9.1,33,8.3,23,7.8,60414
20,85,KS,Jackson County,1212,9.3,388,12.0,276,11.7,57871
20,87,KS,Jefferson County,1344,7.2,391,9.4,261,8.3,63712
20,89,KS,Jewell County,364,13.0,124,21.9,89,21.4,46688
20,91,KS,Johnson County,27345,4.6,5753,4.1,3773,3.6,91799
20,93,KS,Kearny County,343,9.4,141,13.2,97,12.2,66713
20,95,KS,Kingman County,662,9.8,214,15.0,155,14.5,58678
20,97,KS,Kiowa County,282,12.3,89,15.5,61,14.8,56664
20,99,KS,Labette County,2677,14.0,911,19.7,624,18.8,50222
20,101,KS,Lane County,144,9.6,52,15.3,36,14.5,60530
20,103,KS,Leavenworth County,6425,8.5,1679,8.9,1172,8.5,76429
20,105,KS,Lincoln County,371,12.7,110,17.1,76,15.6,50231
20,107,KS,Linn County,1197,12.5,323,16.0,222,14.3,55006
20,109,KS,Logan County,242,9.1,87,13.3,62,14.2,56833
20,111,KS,Lyon County,3964,12.6,996,13.9,675,13.0,56290
20,113,KS,McPherson County,2123,7.7,480,7.7,317,6.7,68904
20,115,KS,Marion County,1104,10.1,244,10.3,173,9.5,53709
20,117,KS,Marshall County,819,8.7,258,11.4,187,11.3,56429
20,119,KS,Meade County,363,9.3,125,12.2,81,10.7,52590
20,121,KS,Miami County,2540,7.6,654,8.1,457,7.5,78717
20,123,KS,Mitchell County,559,10.0,178,13.5,128,13.3,53745
20,125,KS,Montgomery County,5388,17.8,1790,24.8,1224,22.7,44071
20,127,KS,Morris County,577,10.5,176,15.5,127,15.2,53793
20,129,KS,Morton County,295,12.1,105,17.9,75,16.8,56878
20,131,KS,Nemaha County,817,8.3,237,9.0,170,8.9,62744
20,133,KS,Neosho County,2125,13.8,752,19.9,471,16.9,56085
20,135,KS,Ness County,257,9.6,81,13.6,56,12.8,55311
20,137,KS,Norton County,583,12.9,161,16.1,114,16.1,47512
20,139,KS,Osage County,1569,10.1,439,12.5,310,11.8,55287
20,141,KS,Osborne County,389,11.7,107,15.3,74,15.2,47811
20,143,KS,Ottawa County,557,10.0,170,13.4,115,11.7,60560
20,145,KS,Pawnee County,797,14.9,146,17.3,102,17.4,53821
20,147,KS,Phillips County,553,10.9,164,14.4,116,13.9,56047
20,149,KS,Pottawatomie County,1675,6.9,573,8.2,393,7.6,75476
20,151,KS,Pratt County,833,9.6,294,13.6,202,12.5,62958
20,153,KS,Rawlins County,273,11.1,86,15.8,61,16.3,54417
20,155,KS,Reno County,6176,10.6,1763,13.3,1214,12.1,57611
20,157,KS,Republic County,438,9.9,121,12.7,87,12.3,52537
20,159,KS,Rice County,895,10.3,251,12.1,200,12.9,59659
20,161,KS,Riley County,12336,19.2,2123,17.9,1192,15.0,56333
20,163,KS,Rooks County,457,9.6,133,12.5,96,12.5,51376
20,165,KS,Rush County,321,11.2,89,15.9,65,15.0,50673
20,167,KS,Russell County,866,12.9,275,18.5,192,17.7,56536
20,169,KS,Saline County,5124,9.8,1614,13.4,1093,12.5,56928
20,171,KS,Scott County,339,7.3,122,10.0,86,9.2,68514
20,173,KS,Sedgwick County,68637,13.4,22208,17.3,14877,15.7,59789
20,175,KS,Seward County,2355,11.5,964,15.0,629,13.6,54330
20,177,KS,Shawnee County,18039,10.5,5210,13.1,3494,11.9,56191
20,179,KS,Sheridan County,260,10.5,102,17.0,72,15.6,58186
20,181,KS,Sherman County,733,13.0,244,18.0,169,17.0,52718
20,183,KS,Smith County,356,10.3,106,15.2,76,15.3,49114
20,185,KS,Stafford County,435,11.0,161,17.2,112,16.2,55004
20,187,KS,Stanton County,196,10.2,81,14.7,55,12.8,68439
